,Composition,Space group number,a,b,c,alpha,beta,gamma,Ionic conductivity (S cm-1),paper
0,Li2.0Sn4.0P6.0O24.0,2,8.4029,8.4408,8.8897,118.16,90.18,119.681,2.04e-09,10.1002/chin.199345017
1,Li7.0Bi1.0O6.0,2,5.5071,6.0425,5.5231,116.912,120.867,62.234,8.80e-07,10.1021/ic030208w
2,Li7.0Sb1.0O6.0,2,5.4307,5.8916,5.385,116.748,119.63,62.779,6.70e-08,10.1021/ic030208w
3,Li2.0V2.0P2.0O8.0F2.0,2,5.30941,7.49936,5.16888,112.933,81.664,113.125,8.10e-07,10.1016/j.ssi.2013.04.002
4,Li6.0B2.0P4.0O16.0,2,5.1888,7.4118,7.6735,101.179,105.067,90.335,9.60e-12,10.1016/j.jssc.2014.11.024
5,Li4.0Na2.0B2.0P4.0O16.0,2,5.4344,7.3793,7.984,103.243,109.27,87.391,4.40e-18,10.1016/j.jssc.2014.11.024
6,Li8.0P4.0O14.0,2,8.5632,7.1099,5.1858,111.426,89.991,103.055,1e-15,10.1016/j.jssc.2013.12.015
7,Li6.0Cu1.0B4.0O10.0,2,3.31218,6.68272,9.27858,78.8443,89.7596,86.6143,1.00e-13,10.1021/acs.inorgchem.8b01785.s001
8,Li14.0P6.0S22.0,2,12.5009,6.0316,12.5303,102.845,113.2024,74.467,0.0032,10.1002/adma.200401286
9,Li5.46Hf12.13P18.0O72.0,167,8.8306,8.8306,22.027,90,90,120,3.20e-07,10.1021/cm970078n
10,Li14.0P6.0S22.0,2,12.4258,6.0401,12.515,103.076,113.342,74.883,0.0086,10.1002/adma.200401286
11,Li24.0Bi8.0O24.0,2,9.02743,9.7388,9.23917,114.04632,89.29499,107.53782,2.40e-10,10.1016/j.ssi.2015.10.016
12,Li10.0Bi2.0O10.0,8,9.97608,4.15207,5.94635,90,109.48577,90,3.90e-09,10.1016/j.ssi.2015.10.016
13,Li7.22Si1.5P0.5O8.0,11,5.10536,6.11225,5.29671,90,90.3692,90,1.64e-07,10.1021/jacs.5b04444
14,Li91.2Ge19.2P4.8S96.0,11,13.9668,23.3842,12.3196,90,89.967,90,1.78e-06,10.1149/1.1379028
15,Li86.4Ge14.4P9.6S96.0,11,13.9016,23.454,12.3367,90,90.043,90,0.000175,10.1149/1.1379028
16,Li81.6Ge9.6P14.4S96.0,11,13.769,23.614,12.359,90,90.66,90,0.000654,10.1149/1.1379028
17,Li80.4Ge8.4P15.6S96.0,11,13.393,22.947,18.2009,90,92.562,90,0.00154,10.1149/1.1379028
18,Li79.2Ge7.2P16.8S96.0,11,13.387,22.968,18.2015,90,92.594,90,0.00174,10.1149/1.1379028
19,Li78.0Ge6.0P18.0S96.0,11,13.395,22.979,18.1981,90,92.591,90,0.0022,10.1149/1.1379028
20,Li76.8Ge4.8P19.2S96.0,11,13.0981,24.201,12.2793,90,89.887,90,0.000555,10.1149/1.1379028
21,Li8.0Si2.0S8.0,11,6.8825,7.771,6.1276,90,91.215,90,1.59e-08,10.1006/jssc.2002.9701
22,Li91.2Si19.2P4.8S96.0,11,13.7707,23.304,12.1962,90,91.168,90,8.11e-07,10.1006/jssc.2002.9701
23,Li86.4Si14.4P9.6S96.0,11,13.6233,23.4044,12.2258,90,90.133,90,7.19e-05,10.1006/jssc.2002.9701
24,Li81.6Si9.6P14.4S96.0,11,13.3678,23.6448,12.2154,90,90.134,90,0.000662,10.1006/jssc.2002.9701
25,Li76.8Si4.8P19.2S96.0,11,13.0804,24.1028,12.2338,90,90.03,90,3.20e-06,10.1006/jssc.2002.9701
26,Li8.0Al0.66Si0.66P0.66O8.0,11,5.1475,6.1779,5.3497,90,90.34,90,3.25e-06,10.1021/acsami.6b14402
27,Li8.5Si1.5Al0.5O8.0,11,5.1496,6.1771,5.3424,90,90.3,90,2.02e-08,10.1021/acsami.6b14402
28,Li7.5Si1.5P0.5O8.0,11,5.1084,6.1126,5.302,90,90.34,90,5.54e-07,10.1021/acsami.6b14402
29,Li10.0Al2.0S8.0,11,6.8583,7.8369,6.2488,90,90.333,90,1.40e-09,10.1016/j.jssc.2017.09.018
30,Li8.4Si1.6Al0.4S8.0,11,6.903,7.787,6.125,90,90.877,90,2.40e-08,10.1006/jssc.2002.9701
31,Li8.8Si1.2Al0.8S8.0,11,6.862,7.81,6.113,90,90.23,90,3.05e-08,10.1006/jssc.2002.9701
32,Li9.2Si0.8Al1.2S8.0,11,6.858,7.82,6.217,90,89.947,90,1.46e-08,10.1006/jssc.2002.9701
33,Li9.6Si0.4Al1.6S8.0,11,6.843,7.833,6.235,90,89.846,90,2.29e-07,10.1006/jssc.2002.9701
34,Li6.0In2.0Cl12.0,12,6.432,11.093,6.398,90,109.8,90,0.00204,10.1002/anie.201909805
35,Li4.0P4.0S12.0,12,11.11569,7.00704,6.52514,90,125.5717,90,7.80e-11,10.1021/acs.inorgchem.7b00751.s001
36,Li6.0Mo16.0S16.0O80.0H94.0W2.0,12,20.6754,11.1509,14.5769,90,133.865,90,3.80e-07,10.1002/1521-3765(20020118)8:2<349::aid-chem349>3.0.co;2-5
37,Li17.0Sb13.0S28.0,12,12.7298,11.5837,9.2251,90,119.55,90,1.05e-09,10.1002/chem.201502052
38,Li4.8Sn4.8S12.0,12,19.217,3.6996,6.529,90,109.056,90,0.00012,10.1039/c6ee00633g
39,Li6.0Y2.0Br12.0,12,6.9217,11.9096,6.9326,90,109.553,90,0.00192,10.1002/adma.201803075
40,Li24.0Ge8.0O28.0,14,8.071,5.304,14.223,90,92.9,90,8.50e-07,10.4028/www.scientific.net/msf.76.107
41,Li4.0Al4.0Cl16.0,14,7.004,6.503,12.996,90,93.3,90,1.00e-06,10.1149/1.2133238
42,Li4.0Y4.0O8.0,14,6.12,6.185,6.21,90,118.8,90,1.80e-08,10.1016/0167-2738(81)90021-7
43,Li4.0Ga4.0Br16.0,14,13.696,6.854,7.416,90,93.14,90,7.00e-06,10.1016/s0167-2738(00)00491-4
44,Li4.0B4.0O8.0,14,5.845,4.353,6.454,90,115.09,90,1.00e-08,10.1140/epjst/e2008-00753-4
45,Li4.0Cl4.0C12.0H28.0N4.0O4.0,14,5.839,6.39,15.961,90,98.826,90,0.00016,10.1021/acs.chemmater.5b00940
46,La4.0Li4.0O8.0,14,5.874,6.2129,5.8481,90,102.453,90,1e-15,10.1016/j.ssi.2015.09.001
47,La3.6Sr0.4Li4.0O8.0,14,5.8748,6.2152,5.8521,90,102.478,90,6.29e-10,10.1016/j.ssi.2015.09.001
48,La4.0Li3.04Mg0.32O8.0,14,5.875,6.212,5.849,90,102.451,90,7.27e-10,10.1016/j.ssi.2015.09.001
49,Li10.0V8.0P12.0O48.0,14,8.45678,8.62076,11.89577,90,90.2366,90,1.90e-07,10.1021/cm034802f.s001
50,Li8.0Sb8.0O16.0,14,4.855,17.857,5.5771,90,90.061,90,1e-15,10.1021/ic201183e
51,Li8.0Sr8.0Al4.0P12.0O48.0,14,4.945,22.088,8.632,90,91.47,90,1e-15,10.1016/j.jssc.2016.08.006
52,Li16.0Zn4.0P8.0O32.0,14,8.1199,10.24192,8.10549,90,104.8589,90,1e-15,10.1021/acs.chemmater.7b05139.s006
53,Li12.0B4.0N8.0,14,5.1502,7.0824,6.7908,90,112.956,90,8.70e-08,10.1016/0022-4596(87)90135-6
54,Li4.0Al4.0H16.0,14,4.8254,7.804,7.8968,90,112.268,90,8.70e-09,10.1063/1.3356981
55,Li8.0V8.0O24.0,15,10.1597,8.4155,5.8843,90,110.505,90,2.05e-09,10.1006/jssc.2000.9009
56,Li24.0Zr8.0O28.0,15,10.44,5.991,10.204,90,100.25,90,5.20e-10,10.3103/S1062873810050199
57,Li36.0Al12.0F72.0,15,14.201,8.387,9.861,90,94.07,90,5.00e-07,10.1149/2.012206eel
58,Li8.0Zr4.0O12.0,15,5.4163,9.0262,5.4156,90,112.615,90,6.10e-10,10.1016/0167-2738(81)90021-7
59,Li8.0Cr4.0Cl16.0,15,7.446,10.162,10.172,90,90,132.11,1e-15,10.1016/0022-4596(88)90301-5
60,Li16.0Sn8.0S24.0,15,6.3964,11.0864,12.4048,90,99.867,90,1.50e-05,10.1021/cm5037524
61,Li8.0Ba8.0P16.0O56.0,15,7.147,12.283,14.016,90,90.49,90,1.00e-10,10.1007/s11581-014-1261-6
62,Li12.0Na20.0Ti8.0S32.0,15,17.5783,9.6404,12.0796,90,133.4047,90,8.80e-06,10.1016/j.jssc.2008.01.023
63,Li4.0Gd4.0P16.0O48.0,15,16.386,7.059,9.677,90,126.12,90,1e-15,10.1016/j.jssc.2006.06.003
64,Li8.0Ta16.0P8.0O64.0,15,9.715454,11.5358,10.69708,90,90.0355,90,0.0016,10.1039/c8ta09170f
65,Li12.0Er4.0I24.0,15,7.413,12.836,14.2,90,100.01,90,0.00039,10.26434/chemrxiv.11627451
66,Li24.0Al8.0S24.0,15,14.31901,11.98037,6.627,90,116.9231,90,1.31e-08,10.1021/acs.chemmater.9b03230
67,Li7.4Zn1.4Ga0.6P4.0O16.0,19,4.9391,6.4803,10.1468,90,90,90,1e-15,10.1021/acs.chemmater.7b05139.s006
68,Li6.0P2.0S8.0,31,7.70829,6.53521,6.1365,90,90,90,2.60e-07,10.1021/ja3110895
69,Li6.0Sb2.0S8.0,31,7.9645,6.8404,6.3774,90,90,90,4.80e-09,10.1016/j.ssi.2019.01.017
70,Li6.0P0.4V1.6O8.0,31,6.282,5.4021,4.9289,90,90,90,1.31e-13,10.1021/acs.chemmater.8b01504
71,Li6.0V2.0O8.0,31,6.3278,5.4448,4.9467,90,90,90,9.20e-14,10.1021/acs.chemmater.8b01504
72,Li4.0Ga4.0O8.0,33,5.402,6.372,5.007,90,90,90,2.40e-14,10.1007/bf00549810
73,Li4.0B24.0O36.0F4.0,33,7.65545,8.53175,10.7894,90,90,90,1e-15,10.1002/zaac.200900056
74,Li12.0Sb4.0S12.0,33,7.9671,6.7883,10.0912,90,90,90,1.00e-07,10.1016/0167-2738(83)90222-9
75,Li24.0Si4.0O16.0Cl8.0,33,10.5204,6.0756,9.953,90,90,90,1.00e-10,10.1021/acs.chemmater.1c00157
76,Li4.0Si8.0N12.0,36,9.186,5.302,4.776,90,90,90,6.17e-08,10.1016/0167-2738(87)90119-6
77,Li8.0P4.0O8.0N4.0,36,9.0692,5.3999,4.6856,90,90,90,1e-15,10.1016/j.ssi.2012.12.013
78,Li8.0Si4.0S12.0,36,6.735,11.664,5.926,90,90,90,2.00e-06,10.1016/0025-5408(89)90053-6
79,Li8.0Ga16.0Ge8.0S48.0,43,11.943,22.59,6.805,90,90,90,3.80e-08,10.1016/j.ssi.2014.04.015
80,La1.28Li0.16Ti2.0O6.0,47,3.8753,3.8638,7.7901,90,90,90,0.000335,10.1016/s0167-2738(00)00761-x
81,La1.24Li0.28Ti2.0O6.0,47,3.8757,3.8655,7.7845,90,90,90,0.000442,10.1016/S0167-2738(00)00761-X
82,La1.19Li0.43Ti2.0O6.0,47,3.8671,3.8654,7.7727,90,90,90,0.000853,10.1016/s0167-2738(00)00761-x
83,Li0.4Na0.1La0.5Nb2.0O6.0,47,3.903,3.904,7.854,90,90,90,9.92e-06,10.1134/s002016851103006x
84,Li0.3Na0.2La0.5Nb2.0O6.0,47,3.906,3.907,7.852,90,90,90,1.11e-05,10.1134/s002016851103006x
85,Li0.2Na0.3La0.5Nb2.0O6.0,47,3.915,3.912,7.861,90,90,90,1.18e-05,10.1134/S002016851103006X
86,Li0.1Na0.4La0.5Nb2.0O6.0,47,3.915,3.915,7.861,90,90,90,1.21e-05,10.1134/s002016851103006x
87,Li0.07Na0.43La0.5Nb2.0O6.0,47,3.923,3.9311,7.85,90,90,90,1.23e-05,10.1134/s002016851103006x
88,Li0.04Na0.46La0.5Nb2.0O6.0,47,3.918,3.923,7.86,90,90,90,5.91e-06,10.1134/s002016851103006x
89,Li0.02Na0.48La0.5Nb2.0O6.0,47,3.9167,3.9304,7.846,90,90,90,3.99e-06,10.1134/S002016851103006X
90,Ag0.18Li0.36La1.14Ti2.0O6.0,47,3.881,3.868,7.791,90,90,90,0.0001,10.1021/cm001207u
91,Ag0.27Li0.27La1.14Ti2.0O6.0,47,3.881,3.868,7.791,90,90,90,2.30e-05,10.1021/cm001207u
92,Ag0.36Li0.18La1.14Ti2.0O6.0,47,3.882,3.867,7.791,90,90,90,2.00e-07,10.1021/cm001207u
93,Pr1.12Li0.68Ti2.0O6.02,47,3.8372,3.8372,7.701,90,90,90,1.00e-06,10.1016/0167-2738(94)90310-7
94,Nd1.1Li0.68Ti2.0O6.0,47,3.8204,3.823,7.679,90,90,90,8.00e-08,10.1016/0167-2738(94)90310-7
95,Li40.0Al8.0O32.0,61,9.08,8.94,9.13,90,90,90,5.00e-10,10.1016/0025-5408(76)90169-0
96,Li28.0Nd10.0Si22.0N38.0O14.0F4.0,59,17.126,7.6155,10.123,90,90,90,1.70e-10,10.1021/ja302255d
97,Li40.0Ga8.0O32.0,61,9.173,9.094,9.202,90,90,90,5.00e-09,10.1016/0025-5408(76)90169-0
98,Li16.0Cr8.0Ti8.0P24.0O96.0,61,8.461,8.688,23.83,90,90,90,4.41e-07,10.1016/S0167-2738(96)00565-6
99,Li16.0Cr8.0Zr8.0P24.0O96.0,61,8.596,8.787,24.21,90,90,90,5.91e-07,10.1016/S0167-2738(96)00565-6
100,Li16.0Cr8.0Hf8.0P24.0O96.0,61,8.598,8.816,24.21,90,90,90,4.20e-08,10.1016/S0167-2738(96)00565-6
101,Li16.0Fe8.0Ti8.0P24.0O96.0,61,8.452,8.672,23.62,90,90,90,3.34e-07,10.1016/S0167-2738(96)00565-6
102,Li16.0Fe8.0Zr8.0P24.0O96.0,61,8.47,8.72,23.8,90,90,90,1.44e-07,10.1016/S0167-2738(96)00565-6
103,Li16.0In8.0Hf8.0P24.0O96.0,61,8.757,8.954,24.28,90,90,90,2.74e-08,10.1016/S0167-2738(96)00565-6
104,Li16.0In8.0Ti8.0P24.0O96.0,61,8.577,8.826,24.05,90,90,90,8.30e-06,10.1016/S0167-2738(96)00565-6
105,Li16.0In8.0Zr8.0P24.0O96.0,61,8.761,8.979,24.2,90,90,90,8.22e-08,10.1016/S0167-2738(96)00565-6
106,Li12.0P4.0S16.0,62,13.066,8.015,6.101,90,90,90,3.00e-07,10.1021/ja3110895
107,Li12.0P4.0O16.0,62,6.1113,10.4612,4.9208,90,90,90,4.20e-18,10.1134/1.1405880
108,Li13.0O16.0P3.0Si1.0,62,10.52587,6.11525,4.97031,90,90,90,4.49e-07,10.1021/jacs.5b04444
109,Li8.0Zn2.0P4.0O16.0,62,10.2974,6.5021,5.0011,90,90,90,1e-15,10.1021/acs.chemmater.7b05139.s006
110,Li7.0Zn1.0Ga1.0P4.0O16.0,62,10.08925,6.5108,4.935878,90,90,90,1e-15,10.1021/acs.chemmater.7b05139.s006
111,Li11.52P4.0O14.92N0.56,62,6.1153,10.469,4.9195,90,90,90,1.40e-13,10.1006/jssc.1995.1140
112,Li16.0Ge4.0S16.0,62,14.07,7.75,6.15,90,90,90,2.00e-07,10.1016/s0167-2738(00)00277-0
113,Li15.0Ge3.0V1.0O16.0,62,10.896,6.2516,5.1571,90,90,90,5.66e-06,10.1023/a:1026135806929
114,Li14.8Ge3.4W0.6O16.0,62,10.938,6.274,5.1609,90,90,90,3.80e-05,10.1023/a:1026135806929
115,Li0.8Ca1.6Ta4.0O12.0,62,5.477,7.75,5.479,90,90,90,3.53e-09,10.1016/j.solidstatesciences.2004.05.006
116,Li16.0Sn4.0Se16.0,62,14.931,8.2217,6.5989,90,90,90,2.00e-05,10.1021/cm400541n
117,Li16.0Sn4.0S16.0,62,13.812,7.9624,6.367,90,90,90,7.00e-05,10.1021/cm3011315
118,Li10.0Y2.0Zr2.0Cl24.0,62,12.0389,11.1664,6.4069,90,90,90,0.0014,10.1021/acsenergylett.9b02599
119,Sm2.08Li1.52Ti4.0O11.88,62,5.34,7.619,5.441,90,90,90,2.00e-07,10.1016/0167-2738(94)90310-7
120,Li12.0Cr4.0Mo12.0O48.0,62,5.0377,10.4091,17.6149,90,90,90,1e-15,10.1039/B301189e
121,Li8.0Mg8.0Mo12.0O48.0,62,5.1167,10.4646,17.6228,90,90,90,1e-15,10.1039/b301189e
122,Li12.0Fe4.0Mo12.0O48.0,62,5.0697,10.4333,17.6317,90,90,90,1e-15,10.1039/B301189e
123,Li16.0Si4.0S16.0,62,13.735,7.769,6.147,90,90,90,4.93e-08,10.1006/jssc.2002.9701
124,Li20.0Ge1.9Si0.1P4.0S24.0,137,8.7149,8.7149,12.599,90,90,90,0.0086,10.1016/j.jpowsour.2014.07.159
125,Li12.8Ge0.8P3.2O16.0,62,10.5562,6.1319,4.9769,90,90,90,1.14e-06,10.1021/acs.chemmater.8b01504
126,Li12.8Ge0.8V3.2O16.0,62,10.8685,6.2984,5.1017,90,90,90,1.90e-05,10.1021/acs.chemmater.8b01504
127,Li13.6Ge1.6P2.4O16.0,62,10.6305,6.1639,5.0266,90,90,90,4.50e-06,10.1021/acs.chemmater.8b01504
128,Li13.6Ge1.6V2.4O16.0,62,10.8697,6.2784,5.1181,90,90,90,8.89e-07,10.1021/acs.chemmater.8b01504
129,Li14.4Ge2.4P1.6O16.0,62,10.7284,6.1866,5.0882,90,90,90,1.10e-05,10.1021/acs.chemmater.8b01504
130,Li14.4Ge2.4V1.6O16.0,62,10.8786,6.26,5.1371,90,90,90,3.19e-05,10.1016/0025-5408(80)90249-4
131,Li15.2Ge3.2P0.8O16.0,62,10.8096,6.1767,5.1421,90,90,90,1.03e-06,10.1021/acs.chemmater.8b01504
132,Li15.2Ge3.2V0.8O16.0,62,10.8891,6.2315,5.1518,90,90,90,2.71e-06,10.1021/acs.chemmater.8b01504
133,Li12.0P1.6V2.4O16.0,62,10.7651,6.2647,4.9262,90,90,90,3.55e-13,10.1021/acs.chemmater.8b01504
134,Li12.0P2.4V1.6O16.0,62,10.6467,6.2052,4.9763,90,90,90,3.20e-13,10.1021/acs.chemmater.8b01504
135,Li12.0P3.2V0.8O16.0,62,10.554,6.1486,4.9492,90,90,90,2.05e-13,10.1021/acs.chemmater.8b01504
136,Li12.0P4.0O16.0,62,10.4772,6.1179,4.9297,90,90,90,1.75e-13,10.1134/1.1405880
137,Li16.0Ge4.0O16.0,63,7.7661,7.3645,6.0555,90,90,90,1.30e-12,10.1111/j.1151-2916.1976.tb10985.x
138,Li8.0Mg4.0Br16.0,65,7.771,11.04,7.735,90,90,90,7.80e-10,10.1002/chin.198639014
139,La4.56Li2.32Ti8.0O24.0,65,7.737,7.742,7.785,90,90,90,0.0016,10.1039/c7ta00196g
140,Li8.0Bi8.0O16.0,72,18.00548,5.18159,4.97144,90,90,90,3.80e-08,10.1016/j.ssi.2015.10.016
141,Li5.0Zn0.5P2.0S8.0,82,5.836,5.836,8.829,90,90,90,0.00084,10.1021/acs.chemmater.7b05108
142,Li2.0Zn2.0P2.0S8.0,82,5.738,5.738,8.914,90,90,90,5.40e-08,10.1021/acs.chemmater.7b05108.s001
143,Li4.0Zn1.0P2.0S8.0,82,5.795,5.795,8.834,90,90,90,0.00013,10.1021/acs.chemmater.7b05108.s001
144,Li3.0Zn1.5P2.0S8.0,82,5.764,5.764,8.843,90,90,90,1.65e-05,10.1021/acs.chemmater.7b05108.s001
145,Li2.0Ce2.0Mo4.0O16.0,88,5.2943,5.2943,11.6254,90,90,90,1.30e-08,10.1007/s12039-011-0068-5
146,Li2.0Ce1.0Pr1.0Mo4.0O16.0,88,5.284,5.284,11.5763,90,90,90,1.00e-09,10.1007/s12039-011-0068-5
147,Li2.0Ce1.0Sm1.0Mo4.0O16.0,88,5.2546,5.2546,11.5052,90,90,90,1.80e-10,10.1007/s12039-011-0068-5
148,Li6.0B2.0N4.0,94,4.6435,4.6435,5.2592,90,90,90,1.60e-10,10.1016/0022-4596(87)90135-6
149,Li0.66La1.12Ti1.98Al0.02O5.98F0.02,99,3.8701,3.8701,7.756,90,90,90,0.00098,10.1007/s11581-006-0011-9
150,Li0.66La1.12Ti1.96Al0.04O5.96F0.04,99,3.8697,3.8697,7.749,90,90,90,0.00106,10.1007/s11581-006-0011-9
151,Li0.66La1.12Ti1.94Al0.06O5.94F0.06,99,3.8692,3.8692,7.7434,90,90,90,0.000928,10.1007/s11581-006-0011-9
152,Li0.66La1.12Ti1.92Al0.08O5.92F0.08,99,3.8697,3.8697,7.744,90,90,90,0.000622,10.1007/s11581-006-0011-9
153,Li0.66La1.12Ti1.9Al0.1O5.9F0.1,99,3.8667,3.8667,7.739,90,90,90,0.000176,10.1007/s11581-006-0011-9
154,Li0.66La1.12Ti1.88Al0.12O5.88F0.12,99,3.8722,3.8722,7.73,90,90,90,0.000106,10.1007/s11581-006-0011-9
155,Li0.66La1.12Ti1.86Al0.14O5.86F0.14,99,3.8705,3.8705,7.7476,90,90,90,0.000645,10.1007/s11581-006-0011-9
156,Li0.66La1.12Ti1.84Al0.16O5.84F0.16,99,3.8695,3.8695,7.7437,90,90,90,0.000494,10.1007/s11581-006-0011-9
157,Li0.54La1.14Ti2.0O6.0,123,3.873,3.873,7.75,90,90,90,0.00034,10.1021/cm001207u
158,La1.13Li0.61Ti2.0O6.0,123,3.8727,3.8727,7.751,90,90,90,0.000957,10.1016/s0167-2738(00)00761-x
159,La1.0Li1.0Ti2.0O6.0,123,3.8688,3.86885,7.7462,90,90,90,0.000925,10.1016/s0167-2738(00)00761-x
160,La1.22Li0.36Ti2.0O6.0,123,3.8695,3.8695,7.778,90,90,90,0.000412,10.1039/c7ta00196g
161,La1.1Li0.72Ti2.0O6.0,123,3.868,3.868,7.751,90,90,90,0.000688,10.1016/s0167-2738(98)00070-8
162,La1.08Li0.78Ti2.0O6.0,123,3.867,3.867,7.748,90,90,90,0.000651,10.1016/s0167-2738(98)00070-8
163,La1.04Li0.9Ti2.0O6.0,123,3.8673,3.8673,7.739,90,90,90,0.000501,10.1016/s0167-2738(98)00070-8
164,La1.16Li0.54Ti2.0O6.0,123,3.87,3.87,7.773,90,90,90,0.000599,10.1016/s0167-2738(98)00070-8
165,La1.12Li0.66Ti2.0O6.0,123,3.8675,3.8675,7.758,90,90,90,0.000668,10.1016/s0167-2738(98)00070-8
166,La1.12Li0.66Ti2.0O6.0,123,3.89816,3.89816,7.8519,90,90,90,0.000165,10.1016/s0167-2738(98)00070-8
167,Nd0.5Li0.5Ta2.0O6.0,123,3.872,3.872,7.73,90,90,90,1.31e-08,10.1016/S0167-2738(98)00414-7
168,Sm0.5Li0.5Ta2.0O6.0,123,3.859,3.859,7.71,90,90,90,4.32e-10,10.1016/S0167-2738(98)00414-7
169,Li2.0La2.0Ti2.0O8.0,129,3.77,3.77,12.076,90,90,90,1e-15,10.4028/www.scientific.net/msf.321-324.965
170,Li2.0Nd2.0Ti2.0O8.0,129,3.7465,3.7465,11.895,90,90,90,1e-15,10.4028/www.scientific.net/msf.321-324.965
171,La2.6Li0.2Mg2.0W2.0O12.0,129,5.533,5.533,7.903,90,90,90,1.80e-07,10.1016/j.ssi.2004.05.010
172,La2.52Li0.44Mg2.0W2.0O12.0,129,5.534,5.534,7.903,90,90,90,6.80e-06,10.1016/j.ssi.2004.05.010
173,La2.48Li0.56Mg2.0W2.0O12.0,129,5.533,5.533,7.903,90,90,90,1.20e-05,10.1016/j.ssi.2004.05.010
174,Li8.0P2.0S8.0I2.0,129,8.48284,8.48284,5.93013,90,90,90,0.00012,10.1021/acs.chemmater.7b00013.s001
175,Li8.0P2.0S8.0I2.0,129,8.484,8.484,5.937,90,90,90,6.40e-05,10.1021/acs.chemmater.7b00013.s001
176,Li12.0Bi4.0O16.0,136,8.75298,8.75298,4.22469,90,90,90,4.10e-10,10.1016/j.ssi.2015.10.016
177,Li20.1Ge2.1P3.9S24.0,137,8.6944,8.6944,12.60025,90,90,90,0.0122,10.1039/c4ta05231e
178,Li20.4Ge2.4P3.6S24.0,137,8.7043,8.7043,12.616,90,90,90,0.0132,10.1039/c4ta05231e
179,Li21.0Ge3.0P3.0S24.0,137,8.7025,8.7025,12.6251,90,90,90,0.011,10.1039/c4ta05231e
180,Li20.0Ge2.0P4.0S24.0,137,8.719,8.719,12.639,90,90,90,0.0121,10.1021/acs.chemmater.8b00266
181,Li20.7Ge2.7P3.3S24.0,137,8.713023,8.713023,12.639695,90,90,90,0.0144,10.1039/c4ta05231e
182,Li20.7Si2.7P3.3S24.0,137,8.669578,8.669578,12.536058,90,90,90,0.00673,10.1039/c4fd00143e
183,Li20.85Si2.85P3.15S24.0,137,8.672,8.672,12.536,90,90,90,0.00527,10.1039/c4fd00143e
184,Li20.55Si2.55P3.45S24.0,137,8.653,8.653,12.51,90,90,90,0.00565,10.1039/C4FD00143E
185,Li20.4Si2.4P3.6S24.0,137,8.644,8.644,12.504,90,90,90,0.00421,10.1006/jssc.2002.9701
186,Li20.01Sn1.98P4.02S24.0,137,8.743,8.743,12.782,90,90,90,0.00373,10.1039/c4fd00143e
187,Li19.8Sn1.8P4.2S24.0,137,8.731,8.731,12.768,90,90,90,0.00365,10.1039/c4fd00143e
188,Li19.71Sn1.68P4.32S24.0,137,8.721,8.721,12.725,90,90,90,0.00436,10.1039/c4fd00143e
189,Li19.62Sn1.62P4.38S24.0,137,8.7405,8.7405,12.715,90,90,90,0.00496,10.1039/c4fd00143e
190,Li19.56Sn1.56P4.44S24.0,137,8.737,8.737,12.713,90,90,90,0.00453,10.1039/c4fd00143e
191,Li19.5Sn1.5P4.5S24.0,137,8.722,8.722,12.72,90,90,90,0.0036,10.1039/c4fd00143e
192,Li20.0Si2.0P4.0S24.0,137,8.6512,8.6512,12.5095,90,90,90,0.0023,10.1149/2.0501412jes
193,Li20.0Sn2.0P4.0S24.0,137,8.7057,8.7057,12.7389,90,90,90,0.007,10.1021/ja407393y
194,Li20.0Ge2.0P4.0S24.0,137,8.71121,8.71121,12.6078,90,90,90,0.0246,10.1021/acs.chemmater.8b00266
195,Li20.0Ge1.55Sn0.45P4.0S24.0,137,8.71859,8.71859,12.6514,90,90,90,0.0141,10.1021/acs.chemmater.8b00266
196,Li20.0Sn2.0P4.0S24.0,137,8.7057,8.7057,12.7389,90,90,90,0.00398,10.1021/ja407393y
197,Li20.0Ge0.83Sn1.17P4.0S24.0,137,8.72902,8.72902,12.7065,90,90,90,0.00743,10.1021/acs.chemmater.8b00266
198,Li19.62Sn1.62P4.38S24.0,137,8.73764,8.73764,12.7166,90,90,90,0.0055,10.1107/s2052520615022283
199,Li20.0Ge2.0P4.0S24.0,137,8.69407,8.69407,12.5994,90,90,90,0.012,10.1021/acs.chemmater.8b00266
200,Li21.0Sn0.6Si2.4P3.0S24.0,137,8.69204,8.69204,12.6166,90,90,90,0.00879,10.1021/acs.chemmater.7b00886.s001
201,Li20.4Sn0.48Si1.92P3.6S24.0,137,8.65173,8.65173,12.5349,90,90,90,0.00782,10.1021/acs.chemmater.7b00886.s001
202,Li20.7Sn0.54Si2.16P3.3S24.0,137,8.6782,8.6782,12.575,90,90,90,0.0108,10.1021/acs.chemmater.7b00886
203,Li20.7Sn0.54Si2.16P3.3S24.0,137,8.67822,8.67822,12.5744,90,90,90,0.011,10.1021/acs.chemmater.7b00886.s001
204,Li20.0Ge2.0P4.0S24.0,137,8.694,8.694,12.599,90,90,90,0.00143,10.1021/acs.chemmater.8b00266
205,Li19.6Ba0.2Ge2.0P4.0S24.0,137,8.716,8.716,12.728,90,90,90,0.000561,10.1016/j.ssi.2017.01.014
206,Li19.2Ba0.4Ge2.0P4.0S24.0,137,8.727,8.727,12.908,90,90,90,0.000572,10.1016/j.ssi.2017.01.014
207,Li18.8Ba0.6Ge2.0P4.0S24.0,137,8.734,8.734,13.005,90,90,90,0.000707,10.1016/j.ssi.2017.01.014
208,Li18.4Ba0.8Ge2.0P4.0S24.0,137,8.752,8.752,13.011,90,90,90,0.000316,10.1016/j.ssi.2017.01.014
209,Li18.0Ba1.0Ge2.0P4.0S24.0,137,8.77,8.77,13.053,90,90,90,9.98e-05,10.1016/j.ssi.2017.01.014
210,Li19.2P6.0S24.0,137,8.7144,8.7144,12.4677,90,90,90,0.0012,10.1038/nenergy.2016.30
211,Li14.0Ge2.0P2.0S16.0,137,8.718,8.718,12.66,90,90,90,0.007,10.1039/c3ee41728j
212,Li19.08Si3.48P2.88S23.4Cl0.6,137,8.709652,8.709652,12.56907,90,90,90,0.025,10.1038/nenergy.2016.30
213,Li20.7Si2.7P3.3S24.0,137,8.68385,8.68385,12.55589,90,90,90,0.0065,10.1107/s2052520615022283
214,Li2.0La2.0Nb4.0O14.0,139,3.8798,3.8798,20.3597,90,90,90,1e-15,10.1016/0925-8388(93)90192-p
215,Li4.0Sr3.0Nb5.77Fe0.23O19.77,139,3.9585,3.9585,25.915,90,90,90,1e-15,10.1021/cm980736j
216,Li4.0Sr3.0Nb6.0O20.0,139,3.953,3.953,26.041,90,90,90,1e-15,10.1021/cm980736j
217,Li4.0Sc4.0O8.0,141,4.1791,4.1791,9.361,90,90,90,1e-15,10.1016/0167-2738(81)90021-7
218,Li3.6Sc3.6Zr0.4O8.0,141,4.1804,4.1804,9.4186,90,90,90,1e-15,10.2320/matertrans.y-m2016816
219,Li56.0La24.0Hf16.0O96.0,142,13.106,13.106,12.63,90,90,90,9.85e-07,10.1007/s11581-010-0486-2
220,Li56.0La24.0Zr16.0O96.0,142,13.134,13.134,12.663,90,90,90,1.63e-06,10.1016/j.jssc.2009.05.020
221,Li18.0Ga9.0Al9.0Ge18.0O72.0,146,9.257,9.256,13.867,90,90,120,1e-15,10.1149/2.1111610jes
222,Li18.0Al18.0Ge18.0O72.0,146,9.195,9.195,13.772,90,90,120,1e-15,10.1149/2.1111610jes
223,Li18.0Ga18.0Ge18.0O72.0,148,9.302,9.302,13.941,90,90,120,1e-15,10.1149/2.1111610jes
224,Li6.0Ti12.0P18.0O72.0,148,8.5112,8.5112,20.8479,90,90,120,0.000161,10.1021/ic400577v
225,Li7.2Ti10.8Al1.2P18.0O72.0,148,8.502,8.502,20.818,90,90,120,0.00482,10.1021/ic400577v
226,Li18.0Al6.0H36.0,148,8.07117,8.07117,9.513,90,90,120,1.40e-07,10.1063/1.3356981
227,Li3.33Mg0.33P2.0S6.0,162,6.0748,6.0748,6.5954,90,90,120,8.20e-08,10.1016/s0167-2738(02)00007-3
228,Li2.67Mg0.67P2.0S6.0,162,6.0831,6.0831,6.5863,90,90,120,4.00e-06,10.1016/s0167-2738(02)00007-3
229,Li4.0P2.0S6.0,162,6.075,6.075,6.595,90,90,120,2.38e-07,10.1016/j.ssi.2015.10.015
230,Li4.0P2.0S6.0,162,6.0773,6.0773,6.5985,90,90,120,1.60e-10,10.1016/j.ssi.2015.10.015
231,Li9.0Y3.0Cl18.0,164,11.2217,11.2217,6.05517,90,90,120,0.000539,10.1002/adma.201803075
232,Li8.8Al0.8Ge1.2S8.0,164,7.9496,7.9496,6.1566,90,90,120,4.30e-05,10.1021/acs.chemmater.8b03175.s003
233,Li8.8Al0.8Sn1.2S8.0,164,8.0184,8.0184,6.2856,90,90,120,4.30e-06,10.1021/acs.chemmater.8b03175.s003
234,Li6.0Zr12.0P18.0O72.0,167,8.847,8.847,22.24,90,90,120,1.00e-09,10.1002/chin.199345017
235,Li7.2Ti10.8Sc1.2P18.0O72.0,167,8.527,8.527,20.924,90,90,120,9.98e-05,10.1021/acs.inorgchem.6b02274
236,Li6.0Hf12.0P18.0O72.0,167,8.824,8.824,22.04,90,90,120,2.83e-07,10.1002/chin.199345017
237,Li6.0Ge12.0P18.0O72.0,167,8.287,8.287,20.475,90,90,120,3.33e-07,10.1002/chin.199345017
238,Li6.0Ti12.0P18.0O72.0,167,8.512,8.512,20.858,90,90,120,2.00e-06,10.1021/ic400577v
239,Li7.2Ti10.8Sc1.2P18.0O72.0,167,8.527,8.527,20.924,90,90,120,0.00251,10.1021/acs.inorgchem.6b02274
240,Li6.0Ge12.0P18.0O72.0,167,8.27059,8.27059,20.4652,90,90,120,4.83e-09,10.1002/chin.199345017
241,Li7.2Al1.2Ge10.8P18.0O72.0,167,8.2619,8.2619,20.5656,90,90,120,4.83e-05,10.1021/acsami.8b00842
242,Li8.4Al2.4Ge9.6P18.0O72.0,167,8.25565,8.25565,20.6319,90,90,120,0.000188,10.1021/acsami.8b00842
243,Li9.0Al3.0Ge9.0P18.0O72.0,167,8.25658,8.25658,20.6523,90,90,120,0.000336,10.1021/acsami.8b00842
244,Li10.2Al4.2Ge7.8P18.0O72.0,167,8.25247,8.25247,20.6936,90,90,120,0.000264,10.1021/acsami.8b00842
245,Li10.8Al4.8Ge7.2P18.0O72.0,167,8.25004,8.25004,20.7062,90,90,120,0.000137,10.1021/acsami.8b00842
246,Li7.2Ti12.0Si1.2P16.8O72.0,167,8.518,8.518,20.848,90,90,120,8.60e-05,10.1149/1.2086597
247,Li7.8Ti12.0Si1.8P16.2O72.0,167,8.52,8.52,20.862,90,90,120,0.00032,10.1149/1.2086597
248,Li7.2Al1.2Ti10.8P18.0O72.0,167,8.5042,8.5042,20.8252,90,90,120,0.000595,10.1021/ic400577v
249,Li7.8Al1.8Ti10.2P18.0O72.0,167,8.5004,8.5004,20.8156,90,90,120,0.000722,10.1149/1.2086597
250,Li8.4Al2.4Ti9.6P18.0O72.0,167,8.4955,8.4955,20.7992,90,90,120,0.000388,10.1149/1.2086597
251,Li9.0Al3.0Ti9.0P18.0O72.0,167,8.4935,8.4935,20.7994,90,90,120,0.000248,10.1149/1.2086597
252,Li7.2Cr1.2Ti10.8P18.0O72.0,167,8.5189,8.5189,20.8643,90,90,120,1.82e-05,10.1149/1.2086597
253,Li7.8Cr1.8Ti10.2P18.0O72.0,167,8.5203,8.5203,20.8702,90,90,120,3.51e-05,10.1149/1.2086597
254,Li8.4Cr2.4Ti9.6P18.0O72.0,167,8.522,8.522,20.88,90,90,120,0.000149,10.1149/1.2086597
255,Li9.0Cr3.0Ti9.0P18.0O72.0,167,8.5218,8.5218,20.8829,90,90,120,0.000386,10.1149/1.2086597
256,Li7.2Ga1.2Ti10.8P18.0O72.0,167,8.5156,8.5156,20.8451,90,90,120,0.000162,10.1149/1.2086597
257,Li7.8Ga1.8Ti10.2P18.0O72.0,167,8.5175,8.5175,20.8541,90,90,120,0.000261,10.1149/1.2086597
258,Li8.4Ga2.4Ti9.6P18.0O72.0,167,8.5136,8.5136,20.8588,90,90,120,0.000128,10.1149/1.2086597
259,Li9.0Ga3.0Ti9.0P18.0O72.0,167,8.5159,8.5159,20.8419,90,90,120,0.000122,10.1149/1.2086597
260,Li7.2Fe1.2Ti10.8P18.0O72.0,167,8.5213,8.5213,20.8648,90,90,120,0.00018,10.1149/1.2086597
261,Li7.8Fe1.8Ti10.2P18.0O72.0,167,8.5262,8.5262,20.865,90,90,120,0.000246,10.1007/s10008-002-0314-3
262,Li8.4Fe2.4Ti9.6P18.0O72.0,167,8.5301,8.5301,20.8889,90,90,120,0.000392,10.1149/1.2086597
263,Li9.0Fe3.0Ti9.0P18.0O72.0,167,8.5367,8.5367,20.8932,90,90,120,0.000174,10.1149/1.2086597
264,Li7.2Sc1.2Ti10.8P18.0O72.0,167,8.5482,8.5482,20.9418,90,90,120,0.00069,10.1021/acs.inorgchem.6b02274
265,Li7.8Sc1.8Ti10.2P18.0O72.0,167,8.5645,8.5645,20.985,90,90,120,0.000703,10.1021/acs.inorgchem.6b02274
266,Li8.4Sc2.4Ti9.6P18.0O72.0,167,8.5651,8.5651,20.9948,90,90,120,0.000515,10.1021/acs.inorgchem.6b02274
267,Li7.2In1.2Ti10.8P18.0O72.0,167,8.544,8.544,20.948,90,90,120,0.00039,10.1149/1.2086597
268,Li7.8In1.8Ti10.2P18.0O72.0,167,8.5495,8.5495,20.9586,90,90,120,0.000393,10.1149/1.2086597
269,Li8.4In2.4Ti9.6P18.0O72.0,167,8.5626,8.5626,21.0066,90,90,120,0.000302,10.1149/1.2086597
270,Li9.0In3.0Ti9.0P18.0O72.0,167,8.5695,8.5695,21.0089,90,90,120,0.000204,10.1149/1.2086597
271,Li7.2La1.2Ti10.8P18.0O72.0,167,8.5117,8.5117,20.8537,90,90,120,8.00e-05,10.1149/1.2086597
272,Li7.8La1.8Ti10.2P18.0O72.0,167,8.5119,8.5119,20.8513,90,90,120,0.000523,10.1149/1.2086597
273,Li8.4La2.4Ti9.6P18.0O72.0,167,8.5108,8.5108,20.8492,90,90,120,0.000498,10.1149/1.2086597
274,Li9.0La3.0Ti9.0P18.0O72.0,167,8.5218,8.5218,20.8621,90,90,120,0.000281,10.1149/1.2086597
275,Li6.0Ti8.4Sn3.6P18.0O72.0,167,8.5491,8.5491,21.0473,90,90,120,2.28e-05,10.1016/j.physb.2011.11.006
276,Li6.0Ti3.6Sn8.4P18.0O72.0,167,8.5983,8.5983,21.2868,90,90,120,9.42e-06,10.1016/j.physb.2011.11.006
277,Li6.0Ti2.4Sn9.6P18.0O72.0,167,8.6121,8.6121,21.3574,90,90,120,3.15e-06,10.1016/j.physb.2011.11.006
278,Li6.9Y0.9Zr11.1P18.0O72.0,167,8.8727,8.8727,22.1578,90,90,120,0.00014,10.1016/j.jpowsour.2013.03.175
279,Li6.0Zr12.0P18.0O72.0,167,8.847,8.847,22.24,90,90,120,1.00e-09,10.1002/chin.199345017
280,Li5.16Hf12.21P18.0O72.0,167,8.8306,8.8306,22.027,90,90,120,9.20e-08,10.1021/cm970078n
281,Li10.2Al1.8Ti9.6P18.0O72.0,167,8.46,8.46,20.69,90,90,120,0.00122,10.1016/s0167-2738(00)00493-8
282,Li7.2In1.2Ti10.8P18.0O72.0,167,8.55,8.55,20.96,90,90,120,8.22e-05,10.1149/1.2086597
283,Li7.8Al1.2Sc0.6Ti10.2P18.0O72.0,167,8.5169,8.5169,20.916,90,90,120,0.000972,10.1016/j.ssi.2012.03.045
284,Li7.8Al0.9Sc0.9Ti10.2P18.0O72.0,167,8.5244,8.5244,20.9553,90,90,120,0.00124,10.1016/j.ssi.2012.03.045
285,Li7.8Al0.6Sc1.2Ti10.2P18.0O72.0,167,8.5322,8.5322,21.0039,90,90,120,0.000429,10.1016/j.ssi.2012.03.045
286,Li7.8Sc1.8Ti10.2P18.0O72.0,167,8.5529,8.5529,21.058,90,90,120,0.000452,10.1021/acs.inorgchem.6b02274
287,Li7.8Al1.8Ti10.2P18.0O72.0,167,8.5012,8.5012,20.8416,90,90,120,0.00113,10.1149/1.2086597
288,Li6.0Ti6.0P18.0O72.0,167,8.5087,8.5087,20.9089,90,90,120,6.00e-05,10.1016/j.ssi.2014.07.018
289,Li6.3Al0.3Ti5.7P18.0O72.0,167,8.5066,8.5066,20.9085,90,90,120,0.0011,10.1016/j.ssi.2014.07.018
290,Li6.6Al0.6Ti5.4P18.0O72.0,167,8.5068,8.5068,20.8905,90,90,120,0.00067,10.1016/S0955-2219(99)00055-2
291,Li7.8Al1.8Ti4.2P18.0O72.0,167,8.4941,8.4941,20.8586,90,90,120,0.0062,10.1149/1.2086597
292,Li8.4Al2.4Ti3.6P18.0O72.0,167,8.4882,8.4882,20.8571,90,90,120,0.0033,10.1016/j.ssi.2014.07.018
293,Li6.3Cr0.3Ti5.7P18.0O72.0,167,8.5093,8.5093,20.915,90,90,120,0.00018,10.1016/j.ssi.2014.07.018
294,Li6.6Cr0.6Ti5.4P18.0O72.0,167,8.5126,8.5126,20.9212,90,90,120,0.00026,10.1016/j.ssi.2014.07.018
295,Li7.2Cr1.2Ti4.8P18.0O72.0,167,8.5132,8.5132,20.9271,90,90,120,0.00043,10.1149/1.2086597
296,Li7.8Cr1.8Ti4.2P18.0O72.0,167,8.5183,8.5183,20.9177,90,90,120,0.00029,10.1149/1.2086597
297,Li6.3Fe0.3Ti5.7P18.0O72.0,167,8.5125,8.5125,20.8871,90,90,120,0.00013,10.1016/j.ssi.2014.07.018
298,Li6.6Fe0.6Ti5.4P18.0O72.0,167,8.5137,8.5137,20.8822,90,90,120,0.00063,10.1016/j.ssi.2014.07.018
299,Li7.2Fe1.2Ti4.8P18.0O72.0,167,8.5213,8.5213,20.9211,90,90,120,0.0014,10.1016/j.ssi.2014.07.018
300,Li7.8Fe1.8Ti4.2P18.0O72.0,167,8.5239,8.5239,20.9215,90,90,120,0.0023,10.1016/j.ssi.2014.07.018
301,Li7.8Al1.8Ge10.2P18.0O72.0,167,8.26189,8.26189,20.5646,90,90,120,8.24e-05,10.1021/acs.chemmater.7b01463
302,Li9.6Al3.6Ge8.4P18.0O72.0,167,8.2526,8.2526,20.6831,90,90,120,0.000284,10.1021/acs.chemmater.7b01463
303,Li8.4Al2.4Ti9.6P18.0O72.0,167,8.4975,8.4975,20.7921,90,90,120,0.00338,10.1149/1.2086597
304,Li7.2Al1.2Ge10.8P18.0O72.0,167,8.283,8.283,20.471,90,90,120,7.94e-05,10.1021/acsami.8b00842
305,Li9.0Al3.0Ge9.0P18.0O72.0,167,8.2828,8.2828,20.5014,90,90,120,0.00019,10.1021/acsami.8b00842
306,Li7.2Al1.2Ti10.8P18.0O72.0,167,8.502,8.502,20.818,90,90,120,0.00338,10.1021/ic400577v
307,Li8.4Al2.4Ti9.6P18.0O72.0,167,8.503,8.503,20.847,90,90,120,0.00112,10.1149/1.2086597
308,Li7.8Al1.8Ti10.2P18.0O72.0,167,8.513,8.513,20.85,90,90,120,3.40e-07,10.1149/1.2086597
309,Li7.8Al1.8Ti10.2P18.0O72.0,167,8.5033,8.5033,20.8312,90,90,120,0.00121,10.1149/1.2086597
310,Li9.6Al3.6Ge4.8P18.0O72.0,167,8.383,8.383,20.637,90,90,120,0.0007,10.1021/cm021717j
311,Li6.0Ti12.0P18.0O72.0,167,8.509,8.509,20.853,90,90,120,3.83e-07,10.1021/ic400577v
312,Li8.4Al2.4Ti9.6P18.0O72.0,167,8.5,8.5,20.81,90,90,120,0.00563,10.1149/1.2086597
313,Li7.8Al0.6Sc1.2Ti10.2P18.0O72.0,167,8.5244,8.5244,20.925,90,90,120,0.000426,10.1016/j.ssi.2012.03.045
314,Li7.8Al1.2Sc0.6Ti10.2P18.0O72.0,167,8.5216,8.5216,20.917,90,90,120,0.000269,10.1016/j.ssi.2012.03.045
315,Li6.0Ti12.0P18.0O72.0,167,8.5135,8.5135,20.8705,90,90,120,7.20e-05,10.1021/ic400577v
316,Li6.9Fe0.9Ti11.1P18.0O72.0,167,8.5188,8.5188,20.8472,90,90,120,0.000522,10.1007/s11164-013-1348-0
317,Li7.2Sc1.2Ti10.8P18.0O72.0,167,8.536,8.536,20.922,90,90,120,0.000246,10.1021/acs.inorgchem.6b02274
318,Li7.8Sc1.8Ti10.2P18.0O72.0,167,8.559,8.559,20.964,90,90,120,0.000407,10.1021/acs.inorgchem.6b02274
319,Li6.6Sc0.6Ti11.4P18.0O72.0,167,8.522,8.522,20.889,90,90,120,0.000158,10.1021/acs.inorgchem.6b02274
320,Li7.8In1.8Hf10.2P18.0O72.0,167,8.82,8.82,21.933,90,90,120,1.00e-05,10.1016/0167-2738(86)90179-7
321,Li6.0Ti1.2Zr10.8P18.0O72.0,167,8.828,8.828,21.978,90,90,120,5.60e-08,10.1016/0167-2738(86)90179-7
322,Li6.0Ti10.8Zr1.2P18.0O72.0,167,8.54,8.54,20.985,90,90,120,8.50e-08,10.1016/0167-2738(86)90179-7
323,Li6.0Ti0.6Zr11.4P18.0O72.0,167,8.845,8.845,22.057,90,90,120,3.20e-08,10.1016/0167-2738(86)90179-7
324,Li7.2In1.2Hf10.8P18.0O72.0,167,8.815,8.815,21.954,90,90,120,4.00e-06,10.1016/0167-2738(93)90387-I
325,Li6.0Hf12.0P18.0O72.0,167,8.809,8.809,21.98,90,90,120,3.00e-06,10.1002/chin.199345017
326,Li6.6Fe0.6Hf11.4P18.0O72.0,167,8.822,8.822,21.997,90,90,120,0.000107,10.1016/0167-2738(93)90387-I
327,Li6.6In0.6Hf11.4P18.0O72.0,167,8.831,8.831,22.036,90,90,120,5.13e-05,10.1016/0167-2738(93)90387-I
328,Li6.6Lu0.6Hf11.4P18.0O72.0,167,8.839,8.839,22.046,90,90,120,5.88e-05,10.1016/0167-2738(93)90387-I
329,Li6.6Sc0.6Hf11.4P18.0O72.0,167,8.837,8.837,21.965,90,90,120,2.45e-05,10.1016/0167-2738(93)90387-I
330,Li7.2Lu1.2Hf10.8P18.0O72.0,167,8.836,8.836,21.997,90,90,120,0.000129,10.1016/0167-2738(93)90387-I
331,Li7.8Cr1.8Hf10.2P18.0O72.0,167,8.798,8.798,21.929,90,90,120,5.26e-07,10.1016/0167-2738(93)90387-I
332,Li7.8Fe1.8Hf10.2P18.0O72.0,167,8.809,8.809,21.889,90,90,120,5.40e-05,10.1016/0167-2738(93)90387-I
333,Li7.8In1.8Hf10.2P18.0O72.0,167,8.84,8.84,21.995,90,90,120,0.000142,10.1016/0167-2738(86)90179-7
334,Li7.8Lu1.8Hf10.2P18.0O72.0,167,8.843,8.843,21.995,90,90,120,3.56e-05,10.1016/0167-2738(93)90387-I
335,Li7.8Sc1.8Hf10.2P18.0O72.0,167,8.857,8.857,21.995,90,90,120,8.32e-05,10.1016/0167-2738(93)90387-I
336,Li7.8Y1.8Hf10.2P18.0O72.0,167,8.835,8.835,21.957,90,90,120,3.19e-05,10.1016/0167-2738(93)90387-I
337,Li8.4In2.4Hf9.6P18.0O72.0,167,8.836,8.836,21.926,90,90,120,0.000142,10.1016/0167-2738(93)90387-I
338,Li8.4Lu2.4Hf9.6P18.0O72.0,167,8.877,8.877,21.946,90,90,120,2.06e-05,10.1016/0167-2738(93)90387-I
339,Li8.4Y2.4Hf9.6P18.0O72.0,167,8.863,8.863,21.91,90,90,120,2.09e-05,10.1016/0167-2738(93)90387-I
340,Li6.9Y0.9Zr11.1P18.0O72.0,167,8.8727,8.8727,22.1578,90,90,120,7.10e-05,10.1016/j.jpowsour.2013.03.175
341,Li7.8Al1.2Y0.6Ti10.2P18.0O72.0,167,8.5054,8.5054,20.8247,90,90,120,0.00012,10.1016/j.ssi.2012.05.011
342,Li7.8Al0.6Y1.2Ti10.2P18.0O72.0,167,8.5109,8.5109,20.8372,90,90,120,7.30e-05,10.1016/j.ssi.2012.05.011
343,Li7.8Al0.9Y0.9Ti10.2P18.0O72.0,167,8.5069,8.5069,20.8226,90,90,120,1.90e-05,10.1016/j.ssi.2012.05.011
344,Li6.6Al0.6Ge11.4P18.0O72.0,167,8.262,8.262,20.44,90,90,120,2.90e-06,10.1021/acs.chemmater.7b01463
345,Li7.8Al1.8Ge10.2P18.0O72.0,167,8.274,8.274,20.53,90,90,120,3.90e-05,10.1021/acs.chemmater.7b01463
346,Li9.0Al3.0Ge9.0P18.0O72.0,167,8.25,8.25,20.56,90,90,120,0.00028,10.1021/acsami.8b00842
347,Li9.6Al3.6Ge8.4P18.0O72.0,167,8.265,8.265,20.64,90,90,120,0.00014,10.1021/acs.chemmater.7b01463
348,Li6.6Al0.6Ti11.4P18.0O72.0,167,8.508,8.508,20.855,90,90,120,3.00e-05,10.1016/S0955-2219(99)00055-2
349,Li7.8Al1.8Ti10.2P18.0O72.0,167,8.498,8.498,20.896,90,90,120,3.75e-05,10.1149/1.2086597
350,Li9.6Al3.6Ti8.4P18.0O72.0,167,8.479,8.479,20.981,90,90,120,2.30e-05,10.1016/S0955-2219(99)00055-2
351,Li9.0Al3.0Ti9.0P18.0O72.0,167,8.485,8.485,20.79,90,90,120,1.10e-05,10.1149/1.2086597
352,Li6.6Al0.6Ti11.4P18.0O72.0,167,8.508,8.508,20.72,90,90,120,5.00e-06,10.1016/S0955-2219(99)00055-2
353,Li7.2La1.2Ti10.8P18.0O72.0,167,8.511,8.511,20.853,90,90,120,0.000528,10.1149/1.2086597
354,Li7.8La1.8Ti10.2P18.0O72.0,167,8.512,8.512,20.854,90,90,120,0.000528,10.1149/1.2086597
355,Li10.8Cr4.8Ti7.2P18.0O72.0,167,8.539,8.539,20.947,90,90,120,0.00024,10.1016/0167-2738(88)90291-3
356,Li7.2Al6.6Ta5.4P18.0O72.0,167,8.513,8.513,21.229,90,90,120,6.50e-07,10.1039/A807007E
357,Li6.0Al6.0Ta6.0P18.0O72.0,167,8.542,8.542,20.815,90,90,120,6.50e-07,10.1039/A807007E
358,Li6.0Cr6.0Sb6.0P18.0O72.0,167,8.38,8.38,21.46,90,90,120,3.57e-10,10.1063/1.2357843
359,Li6.0Al6.0Sb6.0P18.0O72.0,167,8.24,8.24,21.13,90,90,120,3.17e-08,10.1063/1.2357843
360,Li6.0Fe6.0Sb6.0P18.0O72.0,167,8.44,8.44,21.48,90,90,120,1.37e-06,10.1063/1.2357843
361,Li18.0Mg6.0P8.0O32.0F6.0,173,12.6159,12.6159,5.0082,90,90,120,1e-15,10.1039/c3ta15264b
362,Pb6.12Ca1.9Li1.96P6.0O24.0,176,9.679,9.679,7.113,90,90,120,1e-15,10.1006/jssc.2002.9596
363,Li0.57Sm9.02Si6.0O25.82,176,9.4601,9.4601,6.9113,90,90,120,1e-15,10.1016/0167-2738(95)00240-5
364,Li12.0N8.0H16.0I4.0,186,7.09109,7.09109,11.50958,90,90,120,1.00e-05,10.1021/cm1006857
365,Ba3.0Li1.0Ta5.0Zr1.0Si4.0O26.0,189,9.0495,9.0495,7.8198,90,90,120,1e-15,10.1016/j.ssi.2015.08.011
366,Li3.0N1.0,191,3.648,3.648,3.875,90,90,120,0.0005767,10.1063/1.89283
367,Fe4.0Na4.0K2.0Li6.0Si24.0O60.0,192,10.0617,10.0617,14.0832,90,90,120,1e-15,10.1016/j.jssc.2018.05.008
368,Li6.0P2.0,194,4.273,4.273,7.594,90,90,120,0.000703,10.1016/0167-2738(89)90438-4
369,Li6.0N2.0,194,3.552,3.552,6.311,90,90,120,0.0002085,10.1063/1.89283
370,Li48.0Ba8.0La16.0Nb16.0O96.0,199,12.86,12.86,12.86,90,90,90,6.00e-06,10.1111/j.1551-2916.2005.00060.x
371,Li40.0La24.0Nb16.0O96.0,199,12.762,12.762,12.762,90,90,90,8.00e-06,10.1111/j.1551-2916.2005.00060.x
372,Li48.0Sr8.0La16.0Ta16.0O96.0,199,12.808,12.808,12.808,90,90,90,7.00e-06,10.1021/am4060194
373,Li44.0La24.0Nb14.0In2.0O96.0,199,12.821,12.821,12.821,90,90,90,2.40e-05,10.1016/j.jssc.2005.12.025
374,Li44.0La22.0K2.0Nb16.0O96.0,199,12.7937,12.7937,12.7937,90,90,90,1.06e-05,10.1016/j.jssc.2005.12.025
375,K0.4Li3.6Sb4.0O12.0,201,9.681,9.681,9.681,90,90,90,1.36e-08,10.1016/0167-2738(81)90178-8
376,Li64.0Ge8.0P32.0,205,11.80203,11.80203,11.80203,90,90,90,1.80e-05,10.1021/acs.chemmater.8b02759
377,Li64.0Si8.0P32.0,205,11.70737,11.70737,11.70737,90,90,90,4.50e-05,10.1021/acs.chemmater.8b02759
378,Li48.0Al16.0N32.0,206,9.47,9.47,9.47,90,90,90,5.00e-08,10.1016/0167-2738(85)90106-7
379,Li8.0Mg4.0Ti12.0O32.0,212,8.3774,8.3774,8.3774,90,90,90,1e-15,10.1039/a800234g
380,Li8.0Co4.0Ti12.0O32.0,212,8.3766,8.3766,8.3766,90,90,90,1e-15,10.1039/a800234g
381,Li8.0Co4.0Ge12.0O32.0,212,8.2098,8.2098,8.2098,90,90,90,1e-15,10.1039/a800234g
382,Li8.0Zn4.0Ge12.0O32.0,212,8.1961,8.1961,8.1961,90,90,90,1e-15,10.1039/a800234g
383,Li8.56Mg3.16Ti12.28O32.0,212,8.3792,8.3792,8.3792,90,90,90,6.56e-10,10.1016/j.ssi.2010.06.003
384,Li7.96Mg4.04Ti12.0O32.0,212,8.3806,8.3806,8.3806,90,90,90,1.53e-11,10.1016/j.ssi.2010.06.003
385,Li24.0P4.0O20.0Cl4.0,216,8.2971,8.2971,8.2971,90,90,90,1.00e-09,10.1002/zaac.201000121
386,Li8.0V4.0Cl16.0,216,10.323,10.323,10.323,90,90,90,6.95e-06,10.1016/0167-2738(83)90223-0
387,Li24.0P4.0S20.0Cl1.0Br3.0,216,9.953,9.953,9.953,90,90,90,0.00186,10.1021/jacs.7b06327.s001
388,Li24.0P4.0S20.0Cl4.0,216,9.898,9.898,9.898,90,90,90,0.00205,10.1021/jacs.7b06327.s001
389,Li24.0P4.0S20.0Cl2.0Br2.0,216,9.952,9.952,9.952,90,90,90,0.00333,10.1021/jacs.7b06327
390,Li24.0P4.0S20.0Br4.0,216,10.02,10.02,10.02,90,90,90,0.00115,10.1021/jacs.7b06327.s001
391,Li24.0P4.0S20.0Br2.0I2.0,216,10.109,10.109,10.109,90,90,90,2.62e-05,10.1021/jacs.7b06327.s001
392,Li24.0P4.0S20.0I4.0,216,10.181,10.181,10.181,90,90,90,1.30e-06,10.1021/jacs.7b06327.s001
393,Li24.0P4.0S20.0Cl3.0Br1.0,216,9.8911,9.8911,9.8911,90,90,90,0.00226,10.1021/jacs.7b06327.s001
394,Li24.0P4.0S20.0Br3.0I1.0,216,10.0336,10.0336,10.0336,90,90,90,0.000112,10.1021/jacs.7b06327.s001
395,Li24.0P4.0S20.0Br1.0I3.0,216,10.1108,10.1108,10.1108,90,90,90,4.72e-06,10.1021/jacs.7b06327
396,Li24.0P4.0S20.0Br4.0,216,9.9773,9.9773,9.9773,90,90,90,0.000701,10.1021/jacs.7b06327.s001
397,Li24.1P3.9Si0.1S20.0Br4.0,216,9.9819,9.9819,9.9819,90,90,90,0.000878,10.1039/c7ta08581h
398,Li24.2P3.8Si0.2S20.0Br4.0,216,9.9871,9.9871,9.9871,90,90,90,0.000437,10.1039/c7ta08581h
399,Li24.3P3.7Si0.3S20.0Br4.0,216,9.9938,9.9938,9.9938,90,90,90,0.000873,10.1039/c7ta08581h
400,Li24.4P3.8Si0.4S20.0Br4.0,216,10.0024,10.0024,10.0024,90,90,90,0.000799,10.1039/C7TA08581H
401,Li24.5P3.5Si0.5S20.0Br4.0,216,10.0098,10.0098,10.0098,90,90,90,0.000902,10.1039/c7ta08581h
402,Li24.7P3.3Si0.7S20.0Br4.0,216,10.0193,10.0193,10.0193,90,90,90,0.000931,10.1039/c7ta08581h
403,Li24.8P3.2Si0.8S20.0Br4.0,216,10.024,10.024,10.024,90,90,90,0.00169,10.1039/c7ta08581h
404,Li24.9P3.1Si0.9S20.0Br4.0,216,10.0315,10.0315,10.0315,90,90,90,0.00108,10.1039/c7ta08581h
405,Li25.0P3.0Si1.0S20.0Br4.0,216,10.0365,10.0365,10.0365,90,90,90,0.00141,10.1039/c7ta08581h
406,Li25.2P2.8Si1.2S20.0Br4.0,216,10.0521,10.0521,10.0521,90,90,90,0.00165,10.1039/c7ta08581h
407,Li25.4P2.6Si1.4S20.0Br4.0,216,10.0468,10.0468,10.0468,90,90,90,0.00234,10.1039/c7ta08581h
408,Li26.0P2.0Si2.0S20.0Br4.0,216,10.0521,10.0521,10.0521,90,90,90,0.00219,10.1039/c7ta08581h
409,Li28.0Ge12.0P4.0S48.0,216,9.80192,9.80192,9.80192,90,90,90,0.00011,10.1016/j.jssc.2016.12.001
410,Li24.0P4.0S20.0Cl4.0,216,9.8397,9.8397,9.8397,90,90,90,0.0013,10.1021/jacs.7b06327.s001
411,Li24.0P4.0S20.0Br4.0,216,9.988,9.988,9.988,90,90,90,0.00277,10.1021/jacs.7b06327.s001
412,Li24.0P4.0S19.6Se0.4Br4.0,216,9.9902,9.9902,9.9902,90,90,90,0.0032,10.1021/acs.inorgchem.8b02443
413,Li24.0P4.0S19.2Se0.8Br4.0,216,9.9946,9.9946,9.9946,90,90,90,0.00392,10.1021/acs.inorgchem.8b02443
414,Li24.0P4.0S18.8Se1.2Br4.0,216,9.9974,9.9974,9.9974,90,90,90,0.00362,10.1021/acs.inorgchem.8b02443
415,Li24.0P4.0S18.4Se1.6Br4.0,216,10.0079,10.0079,10.0079,90,90,90,0.00364,10.1021/acs.inorgchem.8b02443
416,Li24.0P4.0S18.0Se2.0Br4.0,216,10.0176,10.0176,10.0176,90,90,90,0.00268,10.1021/acs.inorgchem.8b02443
417,Li24.0P4.0S17.6Se2.4Br4.0,216,10.0259,10.0259,10.0259,90,90,90,0.00278,10.1021/acs.inorgchem.8b02443
418,Li24.0P4.0S17.2Se2.8Br4.0,216,10.0265,10.0265,10.0265,90,90,90,0.00301,10.1021/acs.inorgchem.8b02443
419,Li24.0P4.0S16.8Se3.2Br4.0,216,10.0332,10.0332,10.0332,90,90,90,0.00348,10.1021/acs.inorgchem.8b02443
420,Li24.0P4.0S16.4Se3.6Br4.0,216,10.0418,10.0418,10.0418,90,90,90,0.00382,10.1021/acs.inorgchem.8b02443
421,Li24.0P4.0S16.0Se4.0Br4.0,216,10.0522,10.0522,10.0522,90,90,90,0.00361,10.1021/acs.inorgchem.8b02443
422,Li24.0P4.0O20.0Cl4.0,216,8.2971,8.2971,8.2971,90,90,90,5.54e-10,10.1002/zaac.201000121
423,Li24.0P4.0S20.0Br4.0,216,9.98,9.98,9.98,90,90,90,3.20e-05,10.1021/jacs.7b06327.s001
424,Li24.0P4.0S20.0Cl4.0,216,9.85,9.85,9.85,90,90,90,3.30e-05,10.1021/jacs.7b06327.s001
425,Li24.0P4.0S20.0I4.0,216,10.142,10.142,10.142,90,90,90,0.00022,10.1021/jacs.7b06327.s001
426,Li24.0P4.0S20.0I4.0,216,10.14516,10.14516,10.14516,90,90,90,1.74e-06,10.1021/jacs.7b06327.s001
427,Li24.4P3.6Ge0.4S20.0I4.0,216,10.16695,10.16695,10.16695,90,90,90,8.86e-06,10.1021/jacs.8b10282
428,Li24.6P3.4Ge0.6S20.0I4.0,216,10.18054,10.18054,10.18054,90,90,90,3.93e-05,10.1021/jacs.8b10282
429,Li24.8P3.2Ge0.8S20.0I4.0,216,10.18473,10.18473,10.18473,90,90,90,3.19e-05,10.1021/jacs.8b10282
430,Li25.0P3.0Ge1.0S20.0I4.0,216,10.19307,10.19307,10.19307,90,90,90,0.00015,10.1021/jacs.8b10282
431,Li25.2P2.8Ge1.2S20.0I4.0,216,10.20585,10.20585,10.20585,90,90,90,0.00065,10.1021/jacs.8b10282
432,Li25.6P2.4Ge1.6S20.0I4.0,216,10.22972,10.22972,10.22972,90,90,90,0.0015,10.1021/acs.nanolett.0c01028.s001
433,Li26.0P2.0Ge2.0S20.0I4.0,216,10.24314,10.24314,10.24314,90,90,90,0.00186,10.1021/acs.nanolett.0c01028.s001
434,Li26.4P1.6Ge2.4S20.0I4.0,216,10.24314,10.24314,10.24314,90,90,90,0.00521,10.1021/acs.nanolett.0c01028.s001
435,Li26.8P1.2Ge2.8S20.0I4.0,216,10.2851,10.2851,10.2851,90,90,90,0.00554,10.1021/jacs.8b10282
436,Li27.2P0.8Ge3.2S20.0I4.0,216,10.2998,10.2998,10.2998,90,90,90,0.00258,10.1021/acs.nanolett.0c01028.s001
437,Li24.0P4.0O20.0Cl4.0,216,8.2234,8.2234,8.2234,90,90,90,1.00e-09,10.1002/zaac.201000121
438,Li24.0P4.0S20.0I4.0,216,10.142,10.142,10.142,90,90,90,4.60e-07,10.1021/jacs.7b06327.s001
439,Li20.0P4.0S20.0B4.0H16.0,216,10.01,10.01,10.01,90,90,90,0.0018,10.1021/acsomega.8b00377
440,Li8.0Ce8.0B24.0H96.0Cl8.0,217,11.72,11.72,11.72,90,90,90,0.000103,10.1021/cm300792t
441,Li64.0Ge8.0P32.0,218,11.7831,11.7831,11.7831,90,90,90,8.60e-05,10.1021/acs.chemmater.8b02759
442,Li32.0B56.0O96.0Cl8.0,219,12.167,12.167,12.167,90,90,90,2.40e-05,10.1107/s0567740877009443
443,Fe1.28La23.6Li45.44Zr16.0O96.0,220,12.9783,12.9783,12.9783,90,90,90,0.000935,10.1021/acs.chemmater.6b02516
444,Fe1.52La23.6Li44.56Zr16.0O96.0,220,12.9769,12.9769,12.9769,90,90,90,0.00138,10.1021/acs.chemmater.6b02516.s004
445,Li3.0Cl1.0O1.0,221,3.91,3.91,3.91,90,90,90,0.025,10.1039/c3ta15087a
446,Li0.31La0.63Ti0.9Co0.1O3.0,221,3.8845,3.8845,3.8845,90,90,90,0.00026,10.1016/j.mseb.2004.07.003
447,Li2.0O0.9H0.9F0.1Cl1.0,221,3.91,3.91,3.91,90,90,90,3.86e-05,10.1002/anie.201604554
448,Li2.0O1.0H1.0Br1.0,221,4.056,4.056,4.056,90,90,90,1.20e-06,10.1002/ange.201604554
449,La0.55Li0.45Ti0.9Al0.1O3.0,221,3.8697,3.8697,3.8697,90,90,90,0.00151,10.1016/j.jallcom.2017.05.278
450,La0.6Li0.4Ti0.8Al0.2O3.0,221,3.8617,3.8617,3.8617,90,90,90,0.000568,10.1016/j.jallcom.2017.05.278
451,La0.65Li0.35Ti0.7Al0.3O3.0,221,3.8594,3.8594,3.8594,90,90,90,0.000161,10.1016/j.jallcom.2017.05.278
452,La0.7Li0.3Ti0.6Al0.4O3.0,221,3.8472,3.8472,3.8472,90,90,90,1.04e-07,10.1016/j.jallcom.2017.05.278
453,Li0.38Sr0.44Hf0.25Ta0.75O3.0,221,3.992,3.992,3.992,90,90,90,0.00038,10.1021/acsami.6b03070.s001
454,La0.6Sr0.06Li0.06Ti1.0O3.0,221,5.477,5.477,5.477,90,90,90,1.13e-05,10.1021/cm020609u
455,La0.56Sr0.1Li0.1Ti1.0O3.0,221,5.481,5.481,5.481,90,90,90,1.37e-05,10.1021/cm020609u
456,La0.51Sr0.15Li0.15Ti1.0O3.0,221,5.489,5.489,5.489,90,90,90,5.30e-05,10.1021/cm020609u
457,La0.41Sr0.25Li0.25Ti1.0O3.0,221,5.495,5.495,5.495,90,90,90,7.64e-05,10.1021/cm020609u
458,La0.39Sr0.28Li0.28Ti1.0O3.0,221,5.497,5.497,5.497,90,90,90,6.04e-05,10.1021/cm020609u
459,La0.36Sr0.3Li0.3Ti1.0O3.0,221,5.499,5.499,5.499,90,90,90,1.92e-05,10.1021/cm020609u
460,La0.58Li0.27Ti1.0O3.0,221,3.8771,3.8771,3.8771,90,90,90,0.000832,10.1016/s0167-2738(98)00070-8
461,La0.56Li0.33Ti1.0O3.0,221,3.8751,3.8751,3.8751,90,90,90,0.0013,10.1016/s0167-2738(98)00070-8
462,La0.55Li0.36Ti1.0O3.0,221,3.8738,3.8738,3.8738,90,90,90,0.00154,10.1016/s0167-2738(98)00070-8
463,La0.54Li0.39Ti1.0O3.0,221,3.8726,3.8726,3.8726,90,90,90,0.00125,10.1016/s0167-2738(98)00070-8
464,La0.52Li0.45Ti1.0O3.0,221,3.8723,3.8723,3.8723,90,90,90,0.000785,10.1016/s0167-2738(98)00070-8
465,La0.51Li0.34Ti1.0O2.94,221,3.871,3.871,3.871,90,90,90,7.00e-05,10.1016/0038-1098(93)90841-A
466,Li3.0O1.0Br1.0,221,4.05,4.05,4.05,90,90,90,1.10e-06,10.1021/ja305709z;10.1016/j.ssi.2015.11.027
467,Li3.0O1.0Br1.0,221,4.05,4.05,4.05,90,90,90,1.06e-06,10.1021/ja305709z;10.1016/j.ssi.2015.11.027
468,Li0.25La0.25Ta1.0O3.0,221,3.9063,3.9063,3.9063,90,90,90,2.61e-05,10.1016/S0167-2738(98)00414-7
469,Li0.5Sr0.5Cr0.25Ta0.75O3.0,221,3.9503,3.9503,3.9503,90,90,90,6.00e-05,10.1016/S0378-7753(97)02645-1
470,Li0.5Sr0.5Fe0.25Ta0.75O3.0,221,3.9639,3.9639,3.9639,90,90,90,0.0001,10.1016/S0378-7753(97)02645-1
471,Li0.76La2.68Ti3.6Co0.4O12.0,225,7.7722,7.7722,7.7722,90,90,90,0.000108,10.1016/j.mseb.2004.07.003
472,Li24.0N4.0Br12.0,225,8.9334,8.9334,8.9334,90,90,90,1.00e-08,10.1016/j.jallcom.2015.01.082
473,Li10.72Ti13.28O32.0,227,8.362,8.362,8.362,90,90,90,6.03e-08,10.1016/j.ssi.2010.06.003
474,Li10.14Mg0.8Ti13.07O32.0,227,8.3649,8.3649,8.3649,90,90,90,1.73e-08,10.1016/j.ssi.2010.06.003
475,Li9.6Mg1.6Ti12.8O32.0,227,8.3666,8.3666,8.3666,90,90,90,4.24e-09,10.1016/j.ssi.2010.06.003
476,Li9.12Mg2.4Ti12.48O32.0,227,8.3703,8.3703,8.3703,90,90,90,1.51e-09,10.1016/j.ssi.2010.06.003
477,Li16.0Mn8.0Cl32.0,227,10.481,10.481,10.481,90,90,90,4.79e-06,10.1016/0167-2738(83)90223-0
478,Li16.0Mg8.0Cl32.0,227,10.416,10.416,10.416,90,90,90,6.24e-07,10.1016/0167-2738(83)90223-0
479,Li15.2Mn7.2Ga0.8Cl32.0,227,10.4881,10.4881,10.4881,90,90,90,2.37e-07,10.1016/s0167-2738(96)00592-9
480,Li13.2Mn5.2In2.8Cl32.0,227,10.4696,10.4696,10.4696,90,90,90,9.90e-08,10.1016/s0167-2738(96)00592-9
481,Li8.0Cd8.0Cl32.0,227,10.635,10.635,10.635,90,90,90,5.80e-07,10.1016/0025-5408(81)90142-2
482,Li8.0Sr8.0Nb16.0O48.0F8.0,227,10.48371,10.48371,10.48371,90,90,90,1e-15,10.2497/jjspm.25.e1
483,Li8.0Sr8.0Ta16.0O48.0F8.0,227,10.46919,10.46919,10.46919,90,90,90,1e-15,10.2497/jjspm.25.e1
484,Li8.0Sr7.2Nb16.0O48.0F6.4,227,10.4951,10.4951,10.4951,90,90,90,1e-15,10.2497/jjspm.25.e1
485,Li8.0Sr7.2Ta16.0O48.0F6.4,227,10.4737,10.4737,10.4737,90,90,90,1e-15,10.2497/jjspm.25.e1
486,Li8.8Sr8.0Nb15.2Zr0.8O48.0F8.0,227,10.48854,10.48854,10.48854,90,90,90,1e-15,10.2497/jjspm.25.e1
487,Li8.8Sr8.0Ta15.2Zr0.8O48.0F8.0,227,10.46992,10.46992,10.46992,90,90,90,1e-15,10.2497/jjspm.25.e1
488,Li56.0La24.0Zr16.0O96.0,230,12.972,12.972,12.972,90,90,90,0.00012,10.1016/j.jssc.2009.05.020
489,Li48.0La16.0Sr8.0Nb16.0O96.0,230,12.83078,12.83078,12.83078,90,90,90,6.21e-07,10.1111/j.1551-2916.2005.00060.x
490,Li48.0Sr8.0La16.0Nb16.0O96.0,230,12.811,12.811,12.811,90,90,90,4.20e-06,10.1111/j.1551-2916.2005.00060.x
491,Li48.0Ca8.0La16.0Nb16.0O96.0,230,12.697,12.697,12.697,90,90,90,1.60e-06,10.1111/j.1551-2916.2005.00060.x
492,Li42.0Ba2.0La22.0Ta16.0O96.0,230,12.957,12.957,12.957,90,90,90,7.41e-06,10.1007/s11581-007-0097-8
493,Li44.0Ba4.0La20.0Ta16.0O96.0,230,12.912,12.912,12.912,90,90,90,1.41e-05,10.1007/s11581-007-0097-8
494,Li50.0Ba10.0La14.0Ta16.0O96.0,230,12.806,12.806,12.806,90,90,90,4.99e-05,10.1007/s11581-007-0097-8
495,Li52.0Ba12.0La12.0Ta16.0O96.0,230,12.814,12.814,12.814,90,90,90,3.08e-05,10.1007/s11581-007-0097-8
496,Li54.0Ba14.0La10.0Ta16.0O96.0,230,12.819,12.819,12.819,90,90,90,1.18e-05,10.1007/s11581-007-0097-8
497,Li56.0Ba16.0La8.0Ta16.0O96.0,230,12.834,12.834,12.834,90,90,90,2.85e-06,10.1007/s11581-007-0097-8
498,Li40.0La24.0Ta16.0O96.0,230,13.018,13.018,13.018,90,90,90,6.61e-06,10.1007/s11581-007-0097-8
499,Li48.0Ba8.0La16.0Ta16.0O96.0,230,12.824,12.824,12.824,90,90,90,2.95e-05,10.1007/s11581-007-0097-8
500,Li56.0La24.0Zr15.12Al1.2O96.0,230,13,13,13,90,90,90,0.00034,10.1016/j.jpowsour.2013.03.049
501,Li56.48La24.0Y0.48Zr15.52O96.0,230,12.9672,12.9672,12.9672,90,90,90,0.00081,10.1016/j.elecom.2011.08.014
502,Li50.0La24.0Zr16.0Ga2.0O96.0,230,12.971,12.971,12.971,90,90,90,0.00035,10.1016/j.matchemphys.2012.03.054
503,Li54.4La24.0Zr14.4Ta1.6O96.0,230,12.964,12.964,12.964,90,90,90,0.00028,10.1039/c2jm31413d
504,Li52.8La24.0Zr12.8Ta3.2O96.0,230,12.948,12.948,12.948,90,90,90,0.00073,10.1039/c2jm31413d
505,Li52.0La24.0Zr12.0Ta4.0O96.0,230,12.945,12.945,12.945,90,90,90,0.00092,10.1039/c2jm31413d
506,Li51.2La24.0Zr11.2Ta4.8O96.0,230,12.922,12.922,12.922,90,90,90,0.001,10.1039/c2jm31413d
507,Li49.6La24.0Zr9.6Ta6.4O96.0,230,12.908,12.908,12.908,90,90,90,0.00032,10.1039/c2jm31413d
508,Li48.0La24.0Zr8.0Ta8.0O96.0,230,12.892,12.892,12.892,90,90,90,0.00016,10.1039/c2jm31413d
509,Li54.4La24.0Zr14.4Ta1.6O96.0,230,12.978,12.978,12.978,90,90,90,0.00073,10.1039/c2jm31413d
510,Li54.0La24.0Zr14.0Ta2.0O96.0,230,12.9801,12.9801,12.9801,90,90,90,0.00063,10.1149/2.024205esl
511,Li53.2La24.0Zr13.2Ta2.8O96.0,230,12.9591,12.9591,12.9591,90,90,90,0.00046,10.1149/2.024205esl
512,Li52.8La24.0Zr12.8Ta3.2O96.0,230,12.947,12.947,12.947,90,90,90,0.00047,10.1039/c2jm31413d
513,Li52.4La24.0Zr12.4Ta3.6O96.0,230,12.9489,12.9489,12.9489,90,90,90,0.0004,10.1149/2.024205esl
514,Li48.0La24.0Zr8.0Ta8.0O96.0,230,12.89,12.89,12.89,90,90,90,0.00035,10.1039/c2jm31413d
515,Li40.0La24.0Ta16.0O96.0,230,12.8311,12.8311,12.8311,90,90,90,3.40e-05,10.1007/s11581-007-0097-8
516,Li53.6La24.0Zr13.6Ta2.4O96.0,230,12.9721,12.9721,12.9721,90,90,90,0.00069,10.1149/2.024205esl
517,Li52.0La24.0Zr12.0Ta4.0O96.0,230,12.9187,12.9187,12.9187,90,90,90,0.00028,10.1039/c2jm31413d
518,Li48.4Ga2.0La24.0Zr16.0O94.4F1.6,230,12.96891,12.96891,12.96891,90,90,90,0.00128,10.1021/acsami.8b17656
519,Li45.76Al2.08La24.0Zr12.0W2.0O96.0,230,12.954,12.954,12.954,90,90,90,0.00049,10.1021/acs.chemmater.5b02429
520,Li54.4La24.0Zr15.2Mo0.8O96.0,230,12.9697,12.9697,12.9697,90,90,90,8.00e-05,10.1021/acs.inorgchem.5b01895
521,Li52.8La24.0Zr14.4Mo1.6O96.0,230,12.969,12.969,12.969,90,90,90,0.000311,10.1021/acs.inorgchem.5b01895
522,Li51.2La24.0Zr13.6Mo2.4O96.0,230,12.9552,12.9552,12.9552,90,90,90,0.000369,10.1021/acs.inorgchem.5b01895
523,Li49.6La24.0Zr12.8Mo3.2O96.0,230,12.9532,12.9532,12.9532,90,90,90,0.00034,10.1021/acs.inorgchem.5b01895
524,Li52.0La24.0Zr14.0Mo2.0O96.0,230,12.9607,12.9607,12.9607,90,90,90,0.000333,10.1021/acs.inorgchem.5b01895
525,Li54.0La24.0Zr15.0Te1.0O96.0,230,12.9469,12.9469,12.9469,90,90,90,0.00033,10.1016/j.jpowsour.2013.03.166
526,Li52.0La24.0Zr14.0Te2.0O96.0,230,12.9134,12.9134,12.9134,90,90,90,0.00102,10.1016/j.jpowsour.2013.03.166
527,Li40.0La24.0Bi16.0O96.0,230,13.0652,13.0652,13.0652,90,90,90,1.90e-05,10.1016/j.mseb.2007.07.009
528,Li48.0La16.0Sr8.0Bi16.0O96.0,230,13.0893,13.0893,13.0893,90,90,90,2.00e-05,10.1016/j.mseb.2007.07.009
529,Li40.0Nd24.0Sb16.0O96.0,230,12.66238,12.66238,12.66238,90,90,90,1.30e-07,10.1016/j.ssi.2008.01.002
530,Li32.0Nd24.0Te8.0Sb8.0O96.0,230,12.62138,12.62138,12.62138,90,90,90,8.70e-09,10.1021/cm703677q
531,Li40.0La24.0Sb16.0O96.0,230,12.8566,12.8566,12.8566,90,90,90,7.80e-06,10.1016/j.ssi.2008.01.002
532,Li48.0Sr8.0La16.0Sb16.0O96.0,230,12.8933,12.8933,12.8933,90,90,90,6.30e-06,10.1016/j.materresbull.2007.10.035
533,Li48.0La16.0Ca8.0Nb16.0O96.0,230,12.72185,12.72185,12.72185,90,90,90,1.33e-06,10.1016/j.ssi.2008.01.047
534,Li48.0La16.0Sr8.0Nb16.0O96.0,230,12.83078,12.83078,12.83078,90,90,90,3.69e-06,10.1016/j.ssi.2008.01.047
535,Li48.0Ca8.0La16.0Ta16.0O96.0,230,12.725,12.725,12.725,90,90,90,2.20e-06,10.1016/j.ssi.2008.10.022
536,Li48.0Ba8.0La16.0Ta16.0O96.0,230,13.001,13.001,13.001,90,90,90,1.30e-05,10.1007/s11581-007-0097-8
537,Li49.2La24.0Zr14.0Ta2.0Ga1.6O96.0,230,12.95,12.95,12.95,90,90,90,0.00041,10.1016/j.jpowsour.2012.01.131
538,Li49.2La24.0Zr14.0Ta2.0Al1.6O96.0,230,12.95,12.95,12.95,90,90,90,0.00037,10.1016/j.jpowsour.2012.01.131
539,Li54.0La24.0Zr14.0Ta2.0O96.0,230,12.96,12.96,12.96,90,90,90,0.00087,10.1149/2.024205esl
540,Li56.0La24.0Zr16.0O96.0,230,12.9727,12.9727,12.9727,90,90,90,1.97e-06,10.1016/j.jssc.2009.05.020
541,Li48.0Ba8.0La16.0Ta16.0O96.0,230,12.995,12.995,12.995,90,90,90,1.69e-05,10.1007/s11581-007-0097-8
542,Nd24.0Zr16.0Al4.0Li44.0O96.0,230,12.8158,12.8158,12.8158,90,90,90,3.90e-05,10.1039/c3ta13252h
543,Li50.08Al1.92La24.0Zr16.0O96.0,230,12.96328,12.96328,12.96328,90,90,90,0.00021,10.1016/j.ssi.2015.04.011
544,Li48.0La24.0Nb12.0Y4.0O96.0,230,12.9136,12.9136,12.9136,90,90,90,0.000188,10.1021/jp304737x
545,Li41.6La24.0Nb15.2Y0.8O96.0,230,12.8216,12.8216,12.8216,90,90,90,6.39e-05,10.1021/jp304737x
546,Li43.2La24.0Nb14.4Y1.6O96.0,230,12.8306,12.8306,12.8306,90,90,90,6.74e-05,10.1021/jp304737x
547,Li44.0La24.0Nb14.0Y2.0O96.0,230,12.8582,12.8582,12.8582,90,90,90,9.18e-05,10.1021/jp304737x
548,Li52.0La24.0Nb10.0Y6.0O96.0,230,12.9488,12.9488,12.9488,90,90,90,0.000343,10.1021/jp304737x
549,Li48.0Ba4.0Sr4.0La16.0Ta16.0O96.0,230,12.92046,12.92046,12.92046,90,90,90,7.10e-06,10.1021/am4060194
550,Li48.0Sr8.0La16.0Ta16.0O96.0,230,12.846394,12.846394,12.846394,90,90,90,5.40e-06,10.1021/am4060194
551,Li48.0Ba8.0La16.0Ta16.0O96.0,230,13.011211,13.011211,13.011211,90,90,90,1.50e-05,10.1007/s11581-007-0097-8
552,Li48.0Ca8.0La16.0Ta16.0O96.0,230,12.72383,12.72383,12.72383,90,90,90,2.20e-06,10.1016/j.ssi.2008.10.022
553,Li48.0Ba8.0La16.0Ta16.0O96.0,230,12.946,12.946,12.946,90,90,90,4.00e-05,10.1007/s11581-007-0097-8
554,Li48.0Sr8.0La16.0Ta16.0O96.0,230,12.808,12.808,12.808,90,90,90,7.00e-06,10.1021/am4060194
555,Li45.92La24.0Zr12.0Ta4.0O96.0,230,12.93,12.93,12.93,90,90,90,0.000903,10.1002/aenm.201570062
556,La24.0Li40.64Ta12.08Zr3.12O96.0,230,12.84,12.84,12.84,90,90,90,0.000103,10.1002/aenm.201570062
557,Li409.6Al12.8La192.0Zr128.0O768.0,230,12.959,12.959,12.959,90,90,90,0.000254,10.1038/srep18053
558,Li396.8Al12.8La192.0Zr115.2Ta12.8O768.0,230,12.958,12.958,12.958,90,90,90,0.000614,10.1038/srep18053
559,Li40.0La24.0Ta16.0O96.0,230,12.8176,12.8176,12.8176,90,90,90,1.59e-05,10.1007/s11581-007-0097-8
560,Li42.4La24.0Ta14.8Sm1.2O96.0,230,12.8108,12.8108,12.8108,90,90,90,7.11e-06,10.1021/acs.inorgchem.7b00816
561,Li44.0La24.0Ta14.0Sm2.0O96.0,230,12.8206,12.8206,12.8206,90,90,90,5.17e-06,10.1021/acs.inorgchem.7b00816
562,Li45.6La24.0Ta13.2Sm2.8O96.0,230,12.8309,12.8309,12.8309,90,90,90,2.15e-05,10.1021/acs.inorgchem.7b00816
563,Li47.2La24.0Ta12.4Sm3.6O96.0,230,12.846,12.846,12.846,90,90,90,1.18e-05,10.1021/acs.inorgchem.7b00816
564,Li48.8La24.0Ta11.6Sm4.4O96.0,230,12.8525,12.8525,12.8525,90,90,90,1.40e-05,10.1021/acs.inorgchem.7b00816
565,Li56.0La24.0Zr16.0O96.0,230,12.9682,12.9682,12.9682,90,90,90,0.000569,10.1016/j.jssc.2009.05.020
566,Li40.0La24.0Nb16.0O96.0,230,12.718,12.718,12.718,90,90,90,0.000532,10.1111/j.1551-2916.2005.00060.x
567,Li40.0La24.0Nb15.6Y0.4O96.0,230,12.717,12.717,12.717,90,90,90,1.34e-05,10.1016/j.jpowsour.2011.05.031
568,Li40.0La24.0Nb15.2Y0.8O96.0,230,12.717,12.717,12.717,90,90,90,1.44e-05,10.1016/j.jpowsour.2011.05.031
569,Li40.0La24.0Nb14.8Y1.2O96.0,230,12.732,12.732,12.732,90,90,90,5.71e-06,10.1016/j.jpowsour.2011.05.031
570,Li40.0La24.0Nb14.4Y1.6O96.0,230,12.743,12.743,12.743,90,90,90,9.13e-06,10.1016/j.jpowsour.2011.05.031
571,Li40.0La24.0Nb14.0Y2.0O96.0,230,12.717,12.717,12.717,90,90,90,9.68e-06,10.1016/j.jpowsour.2011.05.031
572,La24.0Zr16.0Ga4.0Li44.0O96.0,230,12.9697,12.9697,12.9697,90,90,90,0.0001,10.1039/c2dt31318a
573,Li54.4La24.0Zr14.4Sb1.6O96.0,230,12.97545,12.97545,12.97545,90,90,90,5.90e-05,10.1039/C3CP50991E
574,Li52.8La24.0Zr12.8Sb3.2O96.0,230,12.95955,12.95955,12.95955,90,90,90,0.00077,10.1039/c3cp50991e
575,Li51.2La24.0Zr11.2Sb4.8O96.0,230,12.95179,12.95179,12.95179,90,90,90,0.00066,10.1039/c3cp50991e
576,Li49.6La24.0Zr9.6Sb6.4O96.0,230,12.92484,12.92484,12.92484,90,90,90,0.00045,10.1039/c3cp50991e
577,Li48.0La24.0Zr8.0Sb8.0O96.0,230,12.9237,12.9237,12.9237,90,90,90,0.00026,10.1039/c3cp50991e
578,Li24.0Nd24.0Te16.0O96.0,230,12.56253,12.56253,12.56253,90,90,90,1e-15,10.1021/cm060992t
579,Li56.0La24.0Hf16.0O96.0,230,12.938,12.938,12.938,90,90,90,0.00024,10.1007/s11581-010-0486-2
580,Li52.8La24.0Zr12.8Ta3.2O96.0,230,12.9594,12.9594,12.9594,90,90,90,0.000313,10.1039/c2jm31413d
581,Li52.8La23.0Y1.0Zr12.8Ta3.2O96.0,230,12.9572,12.9572,12.9572,90,90,90,0.000317,10.1021/am503731h
582,Li52.8La22.0Y2.0Zr12.8Ta3.2O96.0,230,12.9506,12.9506,12.9506,90,90,90,0.000436,10.1021/am503731h
583,Li52.8La20.0Y4.0Zr12.8Ta3.2O96.0,230,12.9479,12.9479,12.9479,90,90,90,0.000226,10.1021/am503731h
584,Li56.0La24.0Zr16.0O96.0,230,12.968,12.968,12.968,90,90,90,0.000511,10.1016/j.jssc.2009.05.020
585,Li51.2Al1.52La24.0Zr16.0O94.4,230,12.972,12.972,12.972,90,90,90,0.00031,10.1016/j.jpowsour.2012.02.100
586,Li56.48La24.0Zr15.52Y0.48O96.0,230,12.9672,12.9672,12.9672,90,90,90,0.000956,10.1016/j.elecom.2011.08.014
587,Li48.0Ba8.0La16.0Ta16.0O96.0,230,13.001,13.001,13.001,90,90,90,1.30e-05,10.1007/s11581-007-0097-8
588,Li40.0La24.0Ta16.0O96.0,230,12.85,12.85,12.85,90,90,90,1.54e-06,10.1007/s11581-007-0097-8
589,Li40.0La24.0Bi16.0O96.0,230,13.052,13.052,13.052,90,90,90,2.20e-05,10.1016/j.mseb.2007.07.009
590,Li54.0La24.0Zr14.0Nb2.0O96.0,230,12.9519,12.9519,12.9519,90,90,90,0.0008,10.1016/j.jpowsour.2010.11.089
591,Li50.0La24.0Zr16.0Ga2.0O96.0,230,12.971,12.971,12.971,90,90,90,0.00035,10.1016/j.matchemphys.2012.03.054
592,Li52.0La24.0Nb10.0Y6.0O96.0,230,12.9488,12.9488,12.9488,90,90,90,0.00027,10.1021/jp304737x
593,Li52.0La24.0Zr12.0Ta4.0O96.0,230,12.945,12.945,12.945,90,90,90,0.00092,10.1039/c2jm31413d
594,Li52.8La24.0Zr12.8Ta3.2O96.0,230,12.948,12.948,12.948,90,90,90,0.00073,10.1039/c2jm31413d
595,Li49.6La24.0Zr9.6Ta6.4O96.0,230,12.908,12.908,12.908,90,90,90,0.00032,10.1039/c2jm31413d
596,Li54.4La24.0Zr14.4Ta1.6O96.0,230,12.964,12.964,12.964,90,90,90,0.00028,10.1039/c2jm31413d
597,Li48.0La24.0Zr8.0Ta8.0O96.0,230,12.891,12.891,12.891,90,90,90,0.00016,10.1039/c2jm31413d
598,Li54.0La24.0Zr14.0Ta2.0O96.0,230,12.9801,12.9801,12.9801,90,90,90,0.00063,10.1149/2.024205esl
599,Li43.2La24.0Nb14.4Y6.0O96.0,230,12.9488,12.9488,12.9488,90,90,90,2.51e-05,10.1021/jp304737x
600,Li48.0La16.0Ca8.0Nb16.0O96.0,230,12.72185,12.72185,12.72185,90,90,90,2.11e-06,10.1111/j.1551-2916.2005.00060.x
601,Li40.0La24.0Sb16.0O96.0,230,12.84665,12.84665,12.84665,90,90,90,2.06e-06,10.1016/j.ssi.2008.01.002
602,Li52.0La24.0Zr12.0Ta4.0O96.0,230,12.954,12.954,12.954,90,90,90,0.000794,10.1039/c2jm31413d
603,Li52.0La23.6Ba0.4Zr11.6Ta4.4O96.0,230,12.949,12.949,12.949,90,90,90,0.000832,10.3389/fenrg.2016.00028
604,Li52.0La23.2Ba0.8Zr11.2Ta4.8O96.0,230,12.944,12.944,12.944,90,90,90,0.000834,10.3389/fenrg.2016.00028
605,Li52.0La22.4Ba1.6Zr10.4Ta5.6O96.0,230,12.952,12.952,12.952,90,90,90,0.000631,10.3389/fenrg.2016.00028
606,Li52.0La21.6Ba2.4Zr9.6Ta6.4O96.0,230,12.964,12.964,12.964,90,90,90,0.000492,10.3389/fenrg.2016.00028
607,Li56.0La24.0Ta16.0O104.0,230,12.82,12.82,12.82,90,90,90,2.65e-06,10.1016/j.ssi.2009.07.002
