Reduced Composition,Z,True Composition,Ionic conductivity (S cm-1),Space group number,a,b,c,alpha,beta,gamma
LiSn2(PO4)3,2,Li2.0Sn4.0P6.0O24.0,2.04E-09,2,8.4029,8.4408,8.8897,118.16,90.18,119.681
Li7BiO6,1,Li7.0Bi1.0O6.0,8.80E-07,2,5.5071,6.0425,5.5231,116.912,120.867,62.234
Li7SbO6,1,Li7.0Sb1.0O6.0,6.70E-08,2,5.4307,5.8916,5.385,116.748,119.63,62.779
LiV(PO4)F,2,Li2.0V2.0P2.0O8.0F2.0,8.10E-07,2,5.30941,7.49936,5.16888,112.933,81.664,113.125
Li3BP2O8,2,Li6.0B2.0P4.0O16.0,9.60E-12,2,5.1888,7.4118,7.6735,101.179,105.067,90.335
Li2NaBP2O8,2,Li4.0Na2.0B2.0P4.0O16.0,4.40E-18,2,5.4344,7.3793,7.984,103.243,109.27,87.391
Li6CuB4O10,1,Li6.0Cu1.0B4.0O10.0,1.00E-13,2,3.31218,6.68272,9.27858,78.8443,89.7596,86.6143
Li7P3S11,2,Li14.0P6.0S22.0,0.0032,2,12.5009,6.0316,12.5303,102.845,113.2024,74.467
Li0.91Hf2.022(PO4)3,6,Li5.46Hf12.13P18.0O72.0,3.20E-07,167,8.8306,8.8306,22.027,90,90,120
Li7P3S11,2,Li14.0P6.0S22.0,0.0086,2,12.4258,6.0401,12.515,103.076,113.342,74.883
Li3BiO3,8,Li24.0Bi8.0O24.0,2.40E-10,2,9.02743,9.7388,9.23917,114.04632,89.29499,107.53782
Li5BiO5,2,Li10.0Bi2.0O10.0,3.90E-09,8,9.97608,4.15207,5.94635,90,109.48577,90
Li7.22Si1.5P0.5O8,1,Li7.22Si1.5P0.5O8.0,1.64E-07,11,5.10536,6.11225,5.29671,90,90.3692,90
Li3.8Ge0.8P0.2S4,24,Li91.2Ge19.2P4.8S96.0,1.78E-06,11,13.9668,23.3842,12.3196,90,89.967,90
Li3.6Ge0.6P0.4S4,24,Li86.4Ge14.4P9.6S96.0,0.000175,11,13.9016,23.454,12.3367,90,90.043,90
Li3.4Ge0.4P0.6S4,24,Li81.6Ge9.6P14.4S96.0,0.000654,11,13.769,23.614,12.359,90,90.66,90
Li3.35Ge0.35P0.65S4,24,Li80.4Ge8.4P15.6S96.0,0.00154,11,13.393,22.947,18.2009,90,92.562,90
Li3.3Ge0.3P0.7S4,24,Li79.2Ge7.2P16.8S96.0,0.00174,11,13.387,22.968,18.2015,90,92.594,90
Li3.25Ge0.25P0.75S4,24,Li78.0Ge6.0P18.0S96.0,0.0022,11,13.395,22.979,18.1981,90,92.591,90
Li3.2Ge0.2P0.8S4,24,Li76.8Ge4.8P19.2S96.0,0.000555,11,13.0981,24.201,12.2793,90,89.887,90
Li4SiS4,2,Li8.0Si2.0S8.0,1.59E-08,11,6.8825,7.771,6.1276,90,91.215,90
Li3.8Si0.8P0.2S4,24,Li91.2Si19.2P4.8S96.0,8.11E-07,11,13.7707,23.304,12.1962,90,91.168,90
Li3.6Si0.6P0.4S4,24,Li86.4Si14.4P9.6S96.0,7.19E-05,11,13.6233,23.4044,12.2258,90,90.133,90
Li3.4Si0.4P0.6S4,24,Li81.6Si9.6P14.4S96.0,0.000662,11,13.3678,23.6448,12.2154,90,90.134,90
Li3.2Si0.2P0.8S4,24,Li76.8Si4.8P19.2S96.0,3.20E-06,11,13.0804,24.1028,12.2338,90,90.03,90
Li4Al0.33Si0.33P0.33O4,2,Li8.0Al0.66Si0.66P0.66O8.0,3.25E-06,11,5.1475,6.1779,5.3497,90,90.34,90
Li4.25Si0.75Al0.25O4,2,Li8.5Si1.5Al0.5O8.0,2.02E-08,11,5.1496,6.1771,5.3424,90,90.3,90
Li3.75Si0.75P0.25O4,2,Li7.5Si1.5P0.5O8.0,5.54E-07,11,5.1084,6.1126,5.302,90,90.34,90
Li5AlS4,2,Li10.0Al2.0S8.0,1.40E-09,11,6.8583,7.8369,6.2488,90,90.333,90
Li4.2Si0.8Al0.2S4,2,Li8.4Si1.6Al0.4S8.0,2.40E-08,11,6.903,7.787,6.125,90,90.877,90
Li4.4Si0.6Al0.4S4,2,Li8.8Si1.2Al0.8S8.0,3.05E-08,11,6.862,7.81,6.113,90,90.23,90
Li4.6Si0.4Al0.6S4,2,Li9.2Si0.8Al1.2S8.0,1.46E-08,11,6.858,7.82,6.217,90,89.947,90
Li4.8Si0.2Al0.8S4,2,Li9.6Si0.4Al1.6S8.0,2.29E-07,11,6.843,7.833,6.235,90,89.846,90
Li3InCl6,2,Li6.0In2.0Cl12.0,0.00204,12,6.432,11.093,6.398,90,109.8,90
Li2P2S6,2,Li4.0P4.0S12.0,7.80E-11,12,11.11569,7.00704,6.52514,90,125.5717,90
Li3(Mo8S8O8(OH)8(HWO5(H2O)))*(H2O)18,2,Li6.0Mo16.0S16.0O80.0H94.0W2.0,3.80E-07,12,20.6754,11.1509,14.5769,90,133.865,90
Li17Sb13S28,1,Li17.0Sb13.0S28.0,1.05E-09,12,12.7298,11.5837,9.2251,90,119.55,90
Li0.6[Li0.2Sn0.8S2],6,Li4.8Sn4.8S12.0,0.00012,12,19.217,3.6996,6.529,90,109.056,90
Li3YBr6,2,Li6.0Y2.0Br12.0,0.00192,12,6.9217,11.9096,6.9326,90,109.553,90
Li6Ge2O7,4,Li24.0Ge8.0O28.0,8.50E-07,14,8.071,5.304,14.223,90,92.9,90
LiAlCl4,4,Li4.0Al4.0Cl16.0,1.00E-06,14,7.004,6.503,12.996,90,93.3,90
LiYO2,4,Li4.0Y4.0O8.0,1.80E-08,14,6.12,6.185,6.21,90,118.8,90
LiGaBr4,4,Li4.0Ga4.0Br16.0,7.00E-06,14,13.696,6.854,7.416,90,93.14,90
LiBO2,4,Li4.0B4.0O8.0,1.00E-08,14,5.845,4.353,6.454,90,115.09,90
LiClC3H7NO,4,Li4.0Cl4.0C12.0H28.0N4.0O4.0,0.00016,14,5.839,6.39,15.961,90,98.826,90
(La0.9Sr0.1)LiO2,4,La3.6Sr0.4Li4.0O8.0,6.29E-10,14,5.8748,6.2152,5.8521,90,102.478,90
La(Li0.76Mg0.08)O2,4,La4.0Li3.04Mg0.32O8.0,7.27E-10,14,5.875,6.212,5.849,90,102.451,90
Li2.5V2(PO4)3,4,Li10.0V8.0P12.0O48.0,1.90E-07,14,8.45678,8.62076,11.89577,90,90.2366,90
Li3BN2,4,Li12.0B4.0N8.0,8.70E-08,14,5.1502,7.0824,6.7908,90,112.956,90
LiAlH4,4,Li4.0Al4.0H16.0,8.70E-09,14,4.8254,7.804,7.8968,90,112.268,90
LiVO3,8,Li8.0V8.0O24.0,2.05E-09,15,10.1597,8.4155,5.8843,90,110.505,90
Li6Zr2O7,4,Li24.0Zr8.0O28.0,5.20E-10,15,10.44,5.991,10.204,90,100.25,90
Li3AlF6,12,Li36.0Al12.0F72.0,5.00E-07,15,14.201,8.387,9.861,90,94.07,90
Li2ZrO3,4,Li8.0Zr4.0O12.0,6.10E-10,15,5.4163,9.0262,5.4156,90,112.615,90
Li2SnS3,8,Li16.0Sn8.0S24.0,1.50E-05,15,6.3964,11.0864,12.4048,90,99.867,90
LiBaP2O7,8,Li8.0Ba8.0P16.0O56.0,1.00E-10,15,7.147,12.283,14.016,90,90.49,90
Li3Na5(TiS4)2,4,Li12.0Na20.0Ti8.0S32.0,8.80E-06,15,17.5783,9.6404,12.0796,90,133.4047,90
LiTa2PO8,8,Li8.0Ta16.0P8.0O64.0,0.0016,15,9.715454,11.5358,10.69708,90,90.0355,90
Li3ErI6,4,Li12.0Er4.0I24.0,0.00039,15,7.413,12.836,14.2,90,100.01,90
Li3AlS3,8,Li24.0Al8.0S24.0,1.31E-08,15,14.31901,11.98037,6.627,90,116.9231,90
Li3PS4,2,Li6.0P2.0S8.0,2.60E-07,31,7.70829,6.53521,6.1365,90,90,90
Li3SbS4,2,Li6.0Sb2.0S8.0,4.80E-09,31,7.9645,6.8404,6.3774,90,90,90
Li3P0.2V0.8O4,2,Li6.0P0.4V1.6O8.0,1.31E-13,31,6.282,5.4021,4.9289,90,90,90
Li3VO4,2,Li6.0V2.0O8.0,9.20E-14,31,6.3278,5.4448,4.9467,90,90,90
LiGaO2,4,Li4.0Ga4.0O8.0,2.40E-14,33,5.402,6.372,5.007,90,90,90
Li3SbS3,4,Li12.0Sb4.0S12.0,1.00E-07,33,7.9671,6.7883,10.0912,90,90,90
Li6SiO4Cl2,4,Li24.0Si4.0O16.0Cl8.0,1.00E-10,33,10.5204,6.0756,9.953,90,90,90
LiSi2N3,4,Li4.0Si8.0N12.0,6.17E-08,36,9.186,5.302,4.776,90,90,90
Li2SiS3,4,Li8.0Si4.0S12.0,2.00E-06,36,6.735,11.664,5.926,90,90,90
LiGa2GeS6,8,Li8.0Ga16.0Ge8.0S48.0,3.80E-08,43,11.943,22.59,6.805,90,90,90
La0.64Li0.08TiO3,2,La1.28Li0.16Ti2.0O6.0,0.000335,47,3.8753,3.8638,7.7901,90,90,90
La0.62Li0.14TiO3,2,La1.24Li0.28Ti2.0O6.0,0.000442,47,3.8757,3.8655,7.7845,90,90,90
La0.595Li0.215TiO3,2,La1.19Li0.43Ti2.0O6.0,0.000853,47,3.8671,3.8654,7.7727,90,90,90
Li0.4Na0.1La0.5Nb2O6,1,Li0.4Na0.1La0.5Nb2.0O6.0,9.92E-06,47,3.903,3.904,7.854,90,90,90
Li0.3Na0.2La0.5Nb2O6,1,Li0.3Na0.2La0.5Nb2.0O6.0,1.11E-05,47,3.906,3.907,7.852,90,90,90
Li0.2Na0.3La0.5Nb2O6,1,Li0.2Na0.3La0.5Nb2.0O6.0,1.18E-05,47,3.915,3.912,7.861,90,90,90
Li0.1Na0.4La0.5Nb2O6,1,Li0.1Na0.4La0.5Nb2.0O6.0,1.21E-05,47,3.915,3.915,7.861,90,90,90
Li0.07Na0.43La0.5Nb2O6,1,Li0.07Na0.43La0.5Nb2.0O6.0,1.23E-05,47,3.923,3.9311,7.85,90,90,90
Li0.04Na0.46La0.5Nb2O6,1,Li0.04Na0.46La0.5Nb2.0O6.0,5.91E-06,47,3.918,3.923,7.86,90,90,90
Li0.02Na0.48La0.5Nb2O6,1,Li0.02Na0.48La0.5Nb2.0O6.0,3.99E-06,47,3.9167,3.9304,7.846,90,90,90
(Ag0.33Li0.67)0.27La0.57TiO3,2,Ag0.18Li0.36La1.14Ti2.0O6.0,0.0001,47,3.881,3.868,7.791,90,90,90
(Ag0.5Li0.5)0.27La0.57TiO3,2,Ag0.27Li0.27La1.14Ti2.0O6.0,2.30E-05,47,3.881,3.868,7.791,90,90,90
(Ag0.67Li0.33)0.27La0.57TiO3,2,Ag0.36Li0.18La1.14Ti2.0O6.0,2.00E-07,47,3.882,3.867,7.791,90,90,90
Pr0.56Li0.34TiO3.01,2,Pr1.12Li0.68Ti2.0O6.02,1.00E-06,47,3.8372,3.8372,7.701,90,90,90
Nd0.55Li0.34TiO3,2,Nd1.1Li0.68Ti2.0O6.0,8.00E-08,47,3.8204,3.823,7.679,90,90,90
Li5AlO4,8,Li40.0Al8.0O32.0,5.00E-10,61,9.08,8.94,9.13,90,90,90
Li14Nd5(Si11N19O5)O2F2,2,Li28.0Nd10.0Si22.0N38.0O14.0F4.0,1.70E-10,59,17.126,7.6155,10.123,90,90,90
Li5GaO4,8,Li40.0Ga8.0O32.0,5.00E-09,61,9.173,9.094,9.202,90,90,90
Li2CrTi(PO4)3,8,Li16.0Cr8.0Ti8.0P24.0O96.0,4.41E-07,61,8.461,8.688,23.83,90,90,90
Li2CrZr(PO4)3,8,Li16.0Cr8.0Zr8.0P24.0O96.0,5.91E-07,61,8.596,8.787,24.21,90,90,90
Li2CrHf(PO4)3,8,Li16.0Cr8.0Hf8.0P24.0O96.0,4.20E-08,61,8.598,8.816,24.21,90,90,90
Li2FeTi(PO4)3,8,Li16.0Fe8.0Ti8.0P24.0O96.0,3.34E-07,61,8.452,8.672,23.62,90,90,90
Li2FeZr(PO4)3,8,Li16.0Fe8.0Zr8.0P24.0O96.0,1.44E-07,61,8.47,8.72,23.8,90,90,90
Li2InHf(PO4)3,8,Li16.0In8.0Hf8.0P24.0O96.0,2.74E-08,61,8.757,8.954,24.28,90,90,90
Li2InTi(PO4)3,8,Li16.0In8.0Ti8.0P24.0O96.0,8.30E-06,61,8.577,8.826,24.05,90,90,90
Li2InZr(PO4)3,8,Li16.0In8.0Zr8.0P24.0O96.0,8.22E-08,61,8.761,8.979,24.2,90,90,90
Li3PS4,4,Li12.0P4.0S16.0,3.00E-07,62,13.066,8.015,6.101,90,90,90
Li3PO4,4,Li12.0P4.0O16.0,4.20E-18,62,6.1113,10.4612,4.9208,90,90,90
Li6.5O8P1.5Si0.5,2,Li13.0O16.0P3.0Si1.0,4.49E-07,62,10.52587,6.11525,4.97031,90,90,90
Li2.88PO3.73N0.14,4,Li11.52P4.0O14.92N0.56,1.40E-13,62,6.1153,10.469,4.9195,90,90,90
Li4GeS4,4,Li16.0Ge4.0S16.0,2.00E-07,62,14.07,7.75,6.15,90,90,90
Li3.75Ge0.75V0.25O4,4,Li15.0Ge3.0V1.0O16.0,5.66E-06,62,10.896,6.2516,5.1571,90,90,90
Li3.70Ge0.85W0.15O4,4,Li14.8Ge3.4W0.6O16.0,3.80E-05,62,10.938,6.274,5.1609,90,90,90
Li0.2Ca0.4TaO3,4,Li0.8Ca1.6Ta4.0O12.0,3.53E-09,62,5.477,7.75,5.479,90,90,90
Li4SnSe4,4,Li16.0Sn4.0Se16.0,2.00E-05,62,14.931,8.2217,6.5989,90,90,90
Li4SnS4,4,Li16.0Sn4.0S16.0,7.00E-05,62,13.812,7.9624,6.367,90,90,90
Li2.5Y0.5Zr0.5Cl6,4,Li10.0Y2.0Zr2.0Cl24.0,0.0014,62,12.0389,11.1664,6.4069,90,90,90
Sm0.52Li0.38TiO2.97,4,Sm2.08Li1.52Ti4.0O11.88,2.00E-07,62,5.34,7.619,5.441,90,90,90
Li4SiS4,4,Li16.0Si4.0S16.0,4.93E-08,62,13.735,7.769,6.147,90,90,90
Li10Ge0.95Si0.05P2S12,2,Li20.0Ge1.9Si0.1P4.0S24.0,0.0086,137,8.7149,8.7149,12.599,90,90,90
Li3.2Ge0.2P0.8O4,4,Li12.8Ge0.8P3.2O16.0,1.14E-06,62,10.5562,6.1319,4.9769,90,90,90
Li3.2Ge0.2V0.8O4,4,Li12.8Ge0.8V3.2O16.0,1.90E-05,62,10.8685,6.2984,5.1017,90,90,90
Li3.4Ge0.4P0.6O4,4,Li13.6Ge1.6P2.4O16.0,4.50E-06,62,10.6305,6.1639,5.0266,90,90,90
Li3.4Ge0.4V0.6O4,4,Li13.6Ge1.6V2.4O16.0,8.89E-07,62,10.8697,6.2784,5.1181,90,90,90
Li3.6Ge0.6P0.4O4,4,Li14.4Ge2.4P1.6O16.0,1.10E-05,62,10.7284,6.1866,5.0882,90,90,90
Li3.6Ge0.6V0.4O4,4,Li14.4Ge2.4V1.6O16.0,3.19E-05,62,10.8786,6.26,5.1371,90,90,90
Li3.8Ge0.8P0.2O4,4,Li15.2Ge3.2P0.8O16.0,1.03E-06,62,10.8096,6.1767,5.1421,90,90,90
Li3.8Ge0.8V0.2O4,4,Li15.2Ge3.2V0.8O16.0,2.71E-06,62,10.8891,6.2315,5.1518,90,90,90
Li3P0.4V0.6O4,4,Li12.0P1.6V2.4O16.0,3.55E-13,62,10.7651,6.2647,4.9262,90,90,90
Li3P0.6V0.4O4,4,Li12.0P2.4V1.6O16.0,3.20E-13,62,10.6467,6.2052,4.9763,90,90,90
Li3P0.8V0.2O4,4,Li12.0P3.2V0.8O16.0,2.05E-13,62,10.554,6.1486,4.9492,90,90,90
Li3PO4,4,Li12.0P4.0O16.0,1.75E-13,62,10.4772,6.1179,4.9297,90,90,90
Li4GeO4,4,Li16.0Ge4.0O16.0,1.30E-12,63,7.7661,7.3645,6.0555,90,90,90
Li2MgBr4,4,Li8.0Mg4.0Br16.0,7.80E-10,65,7.771,11.04,7.735,90,90,90
La0.57Li0.29TiO3,8,La4.56Li2.32Ti8.0O24.0,0.0016,65,7.737,7.742,7.785,90,90,90
LiBiO2,8,Li8.0Bi8.0O16.0,3.80E-08,72,18.00548,5.18159,4.97144,90,90,90
Li2.5Zn0.25PS4,2,Li5.0Zn0.5P2.0S8.0,0.00084,82,5.836,5.836,8.829,90,90,90
LiZnPS4,2,Li2.0Zn2.0P2.0S8.0,5.40E-08,82,5.738,5.738,8.914,90,90,90
Li2Zn0.5PS4,2,Li4.0Zn1.0P2.0S8.0,0.00013,82,5.795,5.795,8.834,90,90,90
Li1.5Zn0.75PS4,2,Li3.0Zn1.5P2.0S8.0,1.65E-05,82,5.764,5.764,8.843,90,90,90
(Li0.5Ce0.5)(MoO4),4,Li2.0Ce2.0Mo4.0O16.0,1.30E-08,88,5.2943,5.2943,11.6254,90,90,90
(Li0.5Ce0.25Pr0.25)(MoO4),4,Li2.0Ce1.0Pr1.0Mo4.0O16.0,1.00E-09,88,5.284,5.284,11.5763,90,90,90
(Li0.5Ce0.25Sm0.25)(MoO4),4,Li2.0Ce1.0Sm1.0Mo4.0O16.0,1.80E-10,88,5.2546,5.2546,11.5052,90,90,90
Li3BN2,2,Li6.0B2.0N4.0,1.60E-10,94,4.6435,4.6435,5.2592,90,90,90
Li0.33La0.56Ti0.99Al0.01O2.99F0.01,2,Li0.66La1.12Ti1.98Al0.02O5.98F0.02,0.00098,99,3.8701,3.8701,7.756,90,90,90
Li0.33La0.56Ti0.98Al0.02O2.98F0.02,2,Li0.66La1.12Ti1.96Al0.04O5.96F0.04,0.00106,99,3.8697,3.8697,7.749,90,90,90
Li0.33La0.56Ti0.97Al0.03O2.97F0.03,2,Li0.66La1.12Ti1.94Al0.06O5.94F0.06,0.000928,99,3.8692,3.8692,7.7434,90,90,90
Li0.33La0.56Ti0.96Al0.04O2.96F0.04,2,Li0.66La1.12Ti1.92Al0.08O5.92F0.08,0.000622,99,3.8697,3.8697,7.744,90,90,90
Li0.33La0.56Ti0.95Al0.05O2.95F0.05,2,Li0.66La1.12Ti1.9Al0.1O5.9F0.1,0.000176,99,3.8667,3.8667,7.739,90,90,90
Li0.33La0.56Ti0.94Al0.06O2.94F0.06,2,Li0.66La1.12Ti1.88Al0.12O5.88F0.12,0.000106,99,3.8722,3.8722,7.73,90,90,90
Li0.33La0.56Ti0.93Al0.07O2.93F0.07,2,Li0.66La1.12Ti1.86Al0.14O5.86F0.14,0.000645,99,3.8705,3.8705,7.7476,90,90,90
Li0.33La0.56Ti0.92Al0.08O2.92F0.08,2,Li0.66La1.12Ti1.84Al0.16O5.84F0.16,0.000494,99,3.8695,3.8695,7.7437,90,90,90
Li0.27La0.57TiO3,2,Li0.54La1.14Ti2.0O6.0,0.00034,123,3.873,3.873,7.75,90,90,90
La0.565Li0.305TiO3,2,La1.13Li0.61Ti2.0O6.0,0.000957,123,3.8727,3.8727,7.751,90,90,90
La0.5Li0.5TiO3,2,La1.0Li1.0Ti2.0O6.0,0.000925,123,3.8688,3.86885,7.7462,90,90,90
La0.61Li0.18TiO3,2,La1.22Li0.36Ti2.0O6.0,0.000412,123,3.8695,3.8695,7.778,90,90,90
La0.55Li0.36TiO3,2,La1.1Li0.72Ti2.0O6.0,0.000688,123,3.868,3.868,7.751,90,90,90
La0.54Li0.39TiO3,2,La1.08Li0.78Ti2.0O6.0,0.000651,123,3.867,3.867,7.748,90,90,90
La0.52Li0.45TiO3,2,La1.04Li0.9Ti2.0O6.0,0.000501,123,3.8673,3.8673,7.739,90,90,90
La0.58Li0.27TiO3,2,La1.16Li0.54Ti2.0O6.0,0.000599,123,3.87,3.87,7.773,90,90,90
La0.56Li0.33TiO3,2,La1.12Li0.66Ti2.0O6.0,0.000668,123,3.8675,3.8675,7.758,90,90,90
La0.56Li0.33TiO3,2,La1.12Li0.66Ti2.0O6.0,0.000165,123,3.89816,3.89816,7.8519,90,90,90
Nd0.25Li0.25TaO3,2,Nd0.5Li0.5Ta2.0O6.0,1.31E-08,123,3.872,3.872,7.73,90,90,90
Sm0.25Li0.25TaO3,2,Sm0.5Li0.5Ta2.0O6.0,4.32E-10,123,3.859,3.859,7.71,90,90,90
La0.65Li0.05(Mg0.5W0.5)O3,4,La2.6Li0.2Mg2.0W2.0O12.0,1.80E-07,129,5.533,5.533,7.903,90,90,90
La0.63Li0.11(Mg0.5W0.5)O3,4,La2.52Li0.44Mg2.0W2.0O12.0,6.80E-06,129,5.534,5.534,7.903,90,90,90
La0.62 Li0.14(Mg0.5W0.5)O3,4,La2.48Li0.56Mg2.0W2.0O12.0,1.20E-05,129,5.533,5.533,7.903,90,90,90
Li4PS4I,2,Li8.0P2.0S8.0I2.0,0.00012,129,8.48284,8.48284,5.93013,90,90,90
Li4PS4I,2,Li8.0P2.0S8.0I2.0,6.40E-05,129,8.484,8.484,5.937,90,90,90
Li3BiO4,4,Li12.0Bi4.0O16.0,4.10E-10,136,8.75298,8.75298,4.22469,90,90,90
Li10.05Ge1.05P1.95S12,2,Li20.1Ge2.1P3.9S24.0,0.0122,137,8.6944,8.6944,12.60025,90,90,90
Li10.2Ge1.2P1.8S12,2,Li20.4Ge2.4P3.6S24.0,0.0132,137,8.7043,8.7043,12.616,90,90,90
Li10.5Ge1.5P1.5S12,2,Li21.0Ge3.0P3.0S24.0,0.011,137,8.7025,8.7025,12.6251,90,90,90
Li10GeP2S12,2,Li20.0Ge2.0P4.0S24.0,0.0121,137,8.719,8.719,12.639,90,90,90
Li10.35Ge1.35P1.65S12,2,Li20.7Ge2.7P3.3S24.0,0.0144,137,8.713023,8.713023,12.639695,90,90,90
Li3.45Si0.45P0.55S4,6,Li20.7Si2.7P3.3S24.0,0.00673,137,8.669578,8.669578,12.536058,90,90,90
Li3.475Si0.475P0.525S4,6,Li20.85Si2.85P3.15S24.0,0.00527,137,8.672,8.672,12.536,90,90,90
Li3.425Si0.425P0.575S4,6,Li20.55Si2.55P3.45S24.0,0.00565,137,8.653,8.653,12.51,90,90,90
Li3.4Si0.4P0.6S4,6,Li20.4Si2.4P3.6S24.0,0.00421,137,8.644,8.644,12.504,90,90,90
Li3.335Sn0.33P0.67S4,6,Li20.01Sn1.98P4.02S24.0,0.00373,137,8.743,8.743,12.782,90,90,90
Li3.3Sn0.3P0.7S4,6,Li19.8Sn1.8P4.2S24.0,0.00365,137,8.731,8.731,12.768,90,90,90
Li3.285Sn0.28P0.72S4,6,Li19.71Sn1.68P4.32S24.0,0.00436,137,8.721,8.721,12.725,90,90,90
Li3.27Sn0.27P0.73S4,6,Li19.62Sn1.62P4.38S24.0,0.00496,137,8.7405,8.7405,12.715,90,90,90
Li3.26Sn0.26P0.74S4,6,Li19.56Sn1.56P4.44S24.0,0.00453,137,8.737,8.737,12.713,90,90,90
Li3.25Sn0.25P0.75S4,6,Li19.5Sn1.5P4.5S24.0,0.0036,137,8.722,8.722,12.72,90,90,90
Li10SiP2S12,2,Li20.0Si2.0P4.0S24.0,0.0023,137,8.6512,8.6512,12.5095,90,90,90
Li10SnP2S12,2,Li20.0Sn2.0P4.0S24.0,0.007,137,8.7057,8.7057,12.7389,90,90,90
Li10GeP2S12,2,Li20.0Ge2.0P4.0S24.0,0.0246,137,8.71121,8.71121,12.6078,90,90,90
Li10(Ge0.776Sn0.224)P2S12,2,Li20.0Ge1.55Sn0.45P4.0S24.0,0.0141,137,8.71859,8.71859,12.6514,90,90,90
Li10SnP2S12,2,Li20.0Sn2.0P4.0S24.0,0.00398,137,8.7057,8.7057,12.7389,90,90,90
Li10(Ge0.416Sn0.584)P2S12,2,Li20.0Ge0.83Sn1.17P4.0S24.0,0.00743,137,8.72902,8.72902,12.7065,90,90,90
Li9.81Sn0.81P2.19S12,2,Li19.62Sn1.62P4.38S24.0,0.0055,137,8.73764,8.73764,12.7166,90,90,90
Li10GeP2S12,2,Li20.0Ge2.0P4.0S24.0,0.012,137,8.69407,8.69407,12.5994,90,90,90
Li10.5(Sn0.2Si0.8)1.5P1.5S12,2,Li21.0Sn0.6Si2.4P3.0S24.0,0.00879,137,8.69204,8.69204,12.6166,90,90,90
Li10.2(Sn0.2Si0.8)1.2P1.8S12,2,Li20.4Sn0.48Si1.92P3.6S24.0,0.00782,137,8.65173,8.65173,12.5349,90,90,90
Li10.35(Sn0.2Si0.8)1.35P1.65S12,2,Li20.7Sn0.54Si2.16P3.3S24.0,0.0108,137,8.6782,8.6782,12.575,90,90,90
Li10.35(Sn0.27Si1.08)P1.65S12,2,Li20.7Sn0.54Si2.16P3.3S24.0,0.011,137,8.67822,8.67822,12.5744,90,90,90
Li10GeP2S12,2,Li20.0Ge2.0P4.0S24.0,0.00143,137,8.694,8.694,12.599,90,90,90
Li9.8Ba0.1GeP2S12,2,Li19.6Ba0.2Ge2.0P4.0S24.0,0.000561,137,8.716,8.716,12.728,90,90,90
Li9.6Ba0.2GeP2S12,2,Li19.2Ba0.4Ge2.0P4.0S24.0,0.000572,137,8.727,8.727,12.908,90,90,90
Li9.4Ba0.3GeP2S12,2,Li18.8Ba0.6Ge2.0P4.0S24.0,0.000707,137,8.734,8.734,13.005,90,90,90
Li9.2Ba0.4GeP2S12,2,Li18.4Ba0.8Ge2.0P4.0S24.0,0.000316,137,8.752,8.752,13.011,90,90,90
Li9Ba0.5GeP2S12,2,Li18.0Ba1.0Ge2.0P4.0S24.0,9.98E-05,137,8.77,8.77,13.053,90,90,90
Li9.6P3S12,2,Li19.2P6.0S24.0,0.0012,137,8.7144,8.7144,12.4677,90,90,90
Li7GePS8,2,Li14.0Ge2.0P2.0S16.0,0.007,137,8.718,8.718,12.66,90,90,90
Li9.54Si1.74P1.44S11.7Cl0.3,2,Li19.08Si3.48P2.88S23.4Cl0.6,0.025,137,8.709652,8.709652,12.56907,90,90,90
Li10.35Si1.35P1.65S12,2,Li20.7Si2.7P3.3S24.0,0.0065,137,8.68385,8.68385,12.55589,90,90,90
Li7La3Hf2O12,8,Li56.0La24.0Hf16.0O96.0,9.85E-07,142,13.106,13.106,12.63,90,90,90
Li7La3Zr2O12,8,Li56.0La24.0Zr16.0O96.0,1.63E-06,142,13.134,13.134,12.663,90,90,90
LiTi2(PO4)3,6,Li6.0Ti12.0P18.0O72.0,0.000161,148,8.5112,8.5112,20.8479,90,90,120
Li1.2Ti1.8Al0.2(PO4)3,6,Li7.2Ti10.8Al1.2P18.0O72.0,0.00482,148,8.502,8.502,20.818,90,90,120
Li3AlH6,6,Li18.0Al6.0H36.0,1.40E-07,148,8.07117,8.07117,9.513,90,90,120
Li3.333Mg0.333P2S6,1,Li3.33Mg0.33P2.0S6.0,8.20E-08,162,6.0748,6.0748,6.5954,90,90,120
Li2.667Mg0.667P2S6,1,Li2.67Mg0.67P2.0S6.0,4.00E-06,162,6.0831,6.0831,6.5863,90,90,120
Li4P2S6,1,Li4.0P2.0S6.0,2.38E-07,162,6.075,6.075,6.595,90,90,120
Li4P2S6,1,Li4.0P2.0S6.0,1.60E-10,162,6.0773,6.0773,6.5985,90,90,120
Li3YCl6,3,Li9.0Y3.0Cl18.0,0.000539,164,11.2217,11.2217,6.05517,90,90,120
Li4.4Al0.4Ge0.6S4,2,Li8.8Al0.8Ge1.2S8.0,4.30E-05,164,7.9496,7.9496,6.1566,90,90,120
Li4.4Al0.4Sn0.6S4,2,Li8.8Al0.8Sn1.2S8.0,4.30E-06,164,8.0184,8.0184,6.2856,90,90,120
LiZr2(PO4)3,6,Li6.0Zr12.0P18.0O72.0,1.00E-09,167,8.847,8.847,22.24,90,90,120
Li1.2Ti1.8Sc0.2(PO4)3,6,Li7.2Ti10.8Sc1.2P18.0O72.0,9.98E-05,167,8.527,8.527,20.924,90,90,120
LiHf2(PO4)3,6,Li6.0Hf12.0P18.0O72.0,2.83E-07,167,8.824,8.824,22.04,90,90,120
LiGe2(PO4)3,6,Li6.0Ge12.0P18.0O72.0,3.33E-07,167,8.287,8.287,20.475,90,90,120
LiTi2(PO4)3,6,Li6.0Ti12.0P18.0O72.0,2.00E-06,167,8.512,8.512,20.858,90,90,120
Li1.2Ti1.8Sc0.2(PO4)3,6,Li7.2Ti10.8Sc1.2P18.0O72.0,0.00251,167,8.527,8.527,20.924,90,90,120
LiGe2(PO4)3,6,Li6.0Ge12.0P18.0O72.0,4.83E-09,167,8.27059,8.27059,20.4652,90,90,120
Li1.2Al0.2Ge1.8(PO4)3,6,Li7.2Al1.2Ge10.8P18.0O72.0,4.83E-05,167,8.2619,8.2619,20.5656,90,90,120
Li1.4Al0.4Ge1.6(PO4)3,6,Li8.4Al2.4Ge9.6P18.0O72.0,0.000188,167,8.25565,8.25565,20.6319,90,90,120
Li1.5Al0.5Ge1.5(PO4)3,6,Li9.0Al3.0Ge9.0P18.0O72.0,0.000336,167,8.25658,8.25658,20.6523,90,90,120
Li1.7Al0.7Ge1.3(PO4)3,6,Li10.2Al4.2Ge7.8P18.0O72.0,0.000264,167,8.25247,8.25247,20.6936,90,90,120
Li1.8Al0.8Ge1.2(PO4)3,6,Li10.8Al4.8Ge7.2P18.0O72.0,0.000137,167,8.25004,8.25004,20.7062,90,90,120
Li1.2Ti2Si0.2P2.8O12,6,Li7.2Ti12.0Si1.2P16.8O72.0,8.60E-05,167,8.518,8.518,20.848,90,90,120
Li1.3Ti2Si0.3P2.7O12,6,Li7.8Ti12.0Si1.8P16.2O72.0,0.00032,167,8.52,8.52,20.862,90,90,120
Li1.2Al0.2Ti1.8(PO4)3,6,Li7.2Al1.2Ti10.8P18.0O72.0,0.000595,167,8.5042,8.5042,20.8252,90,90,120
Li1.3Al0.3Ti1.7(PO4)3,6,Li7.8Al1.8Ti10.2P18.0O72.0,0.000722,167,8.5004,8.5004,20.8156,90,90,120
Li1.4Al0.4Ti1.6(PO4)3,6,Li8.4Al2.4Ti9.6P18.0O72.0,0.000388,167,8.4955,8.4955,20.7992,90,90,120
Li1.5Al0.5Ti1.5(PO4)3,6,Li9.0Al3.0Ti9.0P18.0O72.0,0.000248,167,8.4935,8.4935,20.7994,90,90,120
Li1.2Cr0.2Ti1.8(PO4)3,6,Li7.2Cr1.2Ti10.8P18.0O72.0,1.82E-05,167,8.5189,8.5189,20.8643,90,90,120
Li1.3Cr0.3Ti1.7(PO4)3,6,Li7.8Cr1.8Ti10.2P18.0O72.0,3.51E-05,167,8.5203,8.5203,20.8702,90,90,120
Li1.4Cr0.4Ti1.6(PO4)3,6,Li8.4Cr2.4Ti9.6P18.0O72.0,0.000149,167,8.522,8.522,20.88,90,90,120
Li1.5Cr0.5Ti1.5(PO4)3,6,Li9.0Cr3.0Ti9.0P18.0O72.0,0.000386,167,8.5218,8.5218,20.8829,90,90,120
Li1.2Ga0.2Ti1.8(PO4)3,6,Li7.2Ga1.2Ti10.8P18.0O72.0,0.000162,167,8.5156,8.5156,20.8451,90,90,120
Li1.3Ga0.3Ti1.7(PO4)3,6,Li7.8Ga1.8Ti10.2P18.0O72.0,0.000261,167,8.5175,8.5175,20.8541,90,90,120
Li1.4Ga0.4Ti1.6(PO4)3,6,Li8.4Ga2.4Ti9.6P18.0O72.0,0.000128,167,8.5136,8.5136,20.8588,90,90,120
Li1.5Ga0.5Ti1.5(PO4)3,6,Li9.0Ga3.0Ti9.0P18.0O72.0,0.000122,167,8.5159,8.5159,20.8419,90,90,120
Li1.2Fe0.2Ti1.8(PO4)3,6,Li7.2Fe1.2Ti10.8P18.0O72.0,0.00018,167,8.5213,8.5213,20.8648,90,90,120
Li1.3Fe0.3Ti1.7(PO4)3,6,Li7.8Fe1.8Ti10.2P18.0O72.0,0.000246,167,8.5262,8.5262,20.865,90,90,120
Li1.4Fe0.4Ti1.6(PO4)3,6,Li8.4Fe2.4Ti9.6P18.0O72.0,0.000392,167,8.5301,8.5301,20.8889,90,90,120
Li1.5Fe0.5Ti1.5(PO4)3,6,Li9.0Fe3.0Ti9.0P18.0O72.0,0.000174,167,8.5367,8.5367,20.8932,90,90,120
Li1.2Sc0.2Ti1.8(PO4)3,6,Li7.2Sc1.2Ti10.8P18.0O72.0,0.00069,167,8.5482,8.5482,20.9418,90,90,120
Li1.3Sc0.3Ti1.7(PO4)3,6,Li7.8Sc1.8Ti10.2P18.0O72.0,0.000703,167,8.5645,8.5645,20.985,90,90,120
Li1.4Sc0.4Ti1.6(PO4)3,6,Li8.4Sc2.4Ti9.6P18.0O72.0,0.000515,167,8.5651,8.5651,20.9948,90,90,120
Li1.2In0.2Ti1.8(PO4)3,6,Li7.2In1.2Ti10.8P18.0O72.0,0.00039,167,8.544,8.544,20.948,90,90,120
Li1.3In0.3Ti1.7(PO4)3,6,Li7.8In1.8Ti10.2P18.0O72.0,0.000393,167,8.5495,8.5495,20.9586,90,90,120
Li1.4In0.4Ti1.6(PO4)3,6,Li8.4In2.4Ti9.6P18.0O72.0,0.000302,167,8.5626,8.5626,21.0066,90,90,120
Li1.5In0.5Ti1.5(PO4)3,6,Li9.0In3.0Ti9.0P18.0O72.0,0.000204,167,8.5695,8.5695,21.0089,90,90,120
Li1.2La0.2Ti1.8(PO4)3,6,Li7.2La1.2Ti10.8P18.0O72.0,8.00E-05,167,8.5117,8.5117,20.8537,90,90,120
Li1.3La0.3Ti1.7(PO4)3,6,Li7.8La1.8Ti10.2P18.0O72.0,0.000523,167,8.5119,8.5119,20.8513,90,90,120
Li1.4La0.4Ti1.6(PO4)3,6,Li8.4La2.4Ti9.6P18.0O72.0,0.000498,167,8.5108,8.5108,20.8492,90,90,120
Li1.5La0.5Ti1.5(PO4)3,6,Li9.0La3.0Ti9.0P18.0O72.0,0.000281,167,8.5218,8.5218,20.8621,90,90,120
Li(Ti1.4Sn0.6)(PO4)3,6,Li6.0Ti8.4Sn3.6P18.0O72.0,2.28E-05,167,8.5491,8.5491,21.0473,90,90,120
Li(Ti0.6Sn1.4)(PO4)3,6,Li6.0Ti3.6Sn8.4P18.0O72.0,9.42E-06,167,8.5983,8.5983,21.2868,90,90,120
Li(Ti0.4Sn1.6)(PO4)3,6,Li6.0Ti2.4Sn9.6P18.0O72.0,3.15E-06,167,8.6121,8.6121,21.3574,90,90,120
Li1.15Y0.15Zr1.85(PO4)3,6,Li6.9Y0.9Zr11.1P18.0O72.0,0.00014,167,8.8727,8.8727,22.1578,90,90,120
LiZr2(PO4)3,6,Li6.0Zr12.0P18.0O72.0,1.00E-09,167,8.847,8.847,22.24,90,90,120
Li0.86Hf2.035(PO4)3,6,Li5.16Hf12.21P18.0O72.0,9.20E-08,167,8.8306,8.8306,22.027,90,90,120
Li1.7Al0.3Ti1.6(PO4)3,6,Li10.2Al1.8Ti9.6P18.0O72.0,0.00122,167,8.46,8.46,20.69,90,90,120
Li1.2In0.2Ti1.8(PO4)3,6,Li7.2In1.2Ti10.8P18.0O72.0,8.22E-05,167,8.55,8.55,20.96,90,90,120
Li1.3Al0.2Sc0.1Ti1.7(PO4)3,6,Li7.8Al1.2Sc0.6Ti10.2P18.0O72.0,0.000972,167,8.5169,8.5169,20.916,90,90,120
Li1.3Al0.15Sc0.15Ti1.7(PO4)3,6,Li7.8Al0.9Sc0.9Ti10.2P18.0O72.0,0.00124,167,8.5244,8.5244,20.9553,90,90,120
Li1.3Al0.1Sc0.2Ti1.7(PO4)3,6,Li7.8Al0.6Sc1.2Ti10.2P18.0O72.0,0.000429,167,8.5322,8.5322,21.0039,90,90,120
Li1.3Sc0.3Ti1.7(PO4)3,6,Li7.8Sc1.8Ti10.2P18.0O72.0,0.000452,167,8.5529,8.5529,21.058,90,90,120
Li1.3Al0.3Ti1.7(PO4)3,6,Li7.8Al1.8Ti10.2P18.0O72.0,0.00113,167,8.5012,8.5012,20.8416,90,90,120
LiTi(PO4)3,6,Li6.0Ti6.0P18.0O72.0,6.00E-05,167,8.5087,8.5087,20.9089,90,90,120
Li1.05Al0.05Ti0.95(PO4)3,6,Li6.3Al0.3Ti5.7P18.0O72.0,0.0011,167,8.5066,8.5066,20.9085,90,90,120
Li1.1Al0.1Ti0.9(PO4)3,6,Li6.6Al0.6Ti5.4P18.0O72.0,0.00067,167,8.5068,8.5068,20.8905,90,90,120
Li1.3Al0.3Ti0.7(PO4)3,6,Li7.8Al1.8Ti4.2P18.0O72.0,0.0062,167,8.4941,8.4941,20.8586,90,90,120
Li1.4Al0.4Ti0.6(PO4)3,6,Li8.4Al2.4Ti3.6P18.0O72.0,0.0033,167,8.4882,8.4882,20.8571,90,90,120
Li1.05Cr0.05Ti0.95(PO4)3,6,Li6.3Cr0.3Ti5.7P18.0O72.0,0.00018,167,8.5093,8.5093,20.915,90,90,120
Li1.1Cr0.1Ti0.9(PO4)3,6,Li6.6Cr0.6Ti5.4P18.0O72.0,0.00026,167,8.5126,8.5126,20.9212,90,90,120
Li1.2Cr0.2Ti0.8(PO4)3,6,Li7.2Cr1.2Ti4.8P18.0O72.0,0.00043,167,8.5132,8.5132,20.9271,90,90,120
Li1.3Cr0.3Ti0.7(PO4)3,6,Li7.8Cr1.8Ti4.2P18.0O72.0,0.00029,167,8.5183,8.5183,20.9177,90,90,120
Li1.05Fe0.05Ti0.95(PO4)3,6,Li6.3Fe0.3Ti5.7P18.0O72.0,0.00013,167,8.5125,8.5125,20.8871,90,90,120
Li1.1Fe0.1Ti0.9(PO4)3,6,Li6.6Fe0.6Ti5.4P18.0O72.0,0.00063,167,8.5137,8.5137,20.8822,90,90,120
Li1.2Fe0.2Ti0.8(PO4)3,6,Li7.2Fe1.2Ti4.8P18.0O72.0,0.0014,167,8.5213,8.5213,20.9211,90,90,120
Li1.3Fe0.3Ti0.7(PO4)3,6,Li7.8Fe1.8Ti4.2P18.0O72.0,0.0023,167,8.5239,8.5239,20.9215,90,90,120
Li1.3Al0.3Ge1.7(PO4)3,6,Li7.8Al1.8Ge10.2P18.0O72.0,8.24E-05,167,8.26189,8.26189,20.5646,90,90,120
Li1.6Al0.6Ge1.4(PO4)3,6,Li9.6Al3.6Ge8.4P18.0O72.0,0.000284,167,8.2526,8.2526,20.6831,90,90,120
Li1.4Al0.4Ti1.6 (PO4)3,6,Li8.4Al2.4Ti9.6P18.0O72.0,0.00338,167,8.4975,8.4975,20.7921,90,90,120
Li1.2Al0.2Ge1.8(PO4)3,6,Li7.2Al1.2Ge10.8P18.0O72.0,7.94E-05,167,8.283,8.283,20.471,90,90,120
Li1.5Al0.5Ge1.5(PO4)3,6,Li9.0Al3.0Ge9.0P18.0O72.0,0.00019,167,8.2828,8.2828,20.5014,90,90,120
Li1.2Al0.2Ti1.8(PO4)3,6,Li7.2Al1.2Ti10.8P18.0O72.0,0.00338,167,8.502,8.502,20.818,90,90,120
Li1.4Al0.4Ti1.6(PO4)3,6,Li8.4Al2.4Ti9.6P18.0O72.0,0.00112,167,8.503,8.503,20.847,90,90,120
Li1.3Al0.3Ti1.7(PO4)3,6,Li7.8Al1.8Ti10.2P18.0O72.0,3.40E-07,167,8.513,8.513,20.85,90,90,120
Li1.3Al0.3Ti1.7(PO4)3,6,Li7.8Al1.8Ti10.2P18.0O72.0,0.00121,167,8.5033,8.5033,20.8312,90,90,120
Li1.6Al0.6Ge0.8(PO4)3,6,Li9.6Al3.6Ge4.8P18.0O72.0,0.0007,167,8.383,8.383,20.637,90,90,120
LiTi2(PO4)3,6,Li6.0Ti12.0P18.0O72.0,3.83E-07,167,8.509,8.509,20.853,90,90,120
Li1.4Al0.4Ti1.6(PO4)3,6,Li8.4Al2.4Ti9.6P18.0O72.0,0.00563,167,8.5,8.5,20.81,90,90,120
Li1.3Al0.1Sc0.2Ti1.7(PO4)3,6,Li7.8Al0.6Sc1.2Ti10.2P18.0O72.0,0.000426,167,8.5244,8.5244,20.925,90,90,120
Li1.3Al0.2Sc0.1Ti1.7(PO4)3,6,Li7.8Al1.2Sc0.6Ti10.2P18.0O72.0,0.000269,167,8.5216,8.5216,20.917,90,90,120
LiTi2(PO4)3,6,Li6.0Ti12.0P18.0O72.0,7.20E-05,167,8.5135,8.5135,20.8705,90,90,120
Li1.15Fe0.15Ti1.85(PO4)3,6,Li6.9Fe0.9Ti11.1P18.0O72.0,0.000522,167,8.5188,8.5188,20.8472,90,90,120
Li1.2Sc0.2Ti1.8(PO4)3,6,Li7.2Sc1.2Ti10.8P18.0O72.0,0.000246,167,8.536,8.536,20.922,90,90,120
Li1.3Sc0.3Ti1.7(PO4)3,6,Li7.8Sc1.8Ti10.2P18.0O72.0,0.000407,167,8.559,8.559,20.964,90,90,120
Li1.1Sc0.1Ti1.9(PO4)3,6,Li6.6Sc0.6Ti11.4P18.0O72.0,0.000158,167,8.522,8.522,20.889,90,90,120
Li1.3In0.3Hf1.7(PO4)3,6,Li7.8In1.8Hf10.2P18.0O72.0,1.00E-05,167,8.82,8.82,21.933,90,90,120
LiTi0.2Zr1.8(PO4)3,6,Li6.0Ti1.2Zr10.8P18.0O72.0,5.60E-08,167,8.828,8.828,21.978,90,90,120
LiTi1.8Zr0.2(PO4)3,6,Li6.0Ti10.8Zr1.2P18.0O72.0,8.50E-08,167,8.54,8.54,20.985,90,90,120
LiTi0.1Zr1.9(PO4)3,6,Li6.0Ti0.6Zr11.4P18.0O72.0,3.20E-08,167,8.845,8.845,22.057,90,90,120
Li1.2In0.2Hf1.8(PO4)3,6,Li7.2In1.2Hf10.8P18.0O72.0,4.00E-06,167,8.815,8.815,21.954,90,90,120
LiHf2(PO4)3,6,Li6.0Hf12.0P18.0O72.0,3.00E-06,167,8.809,8.809,21.98,90,90,120
Li1.1Fe0.1Hf1.9(PO4)3,6,Li6.6Fe0.6Hf11.4P18.0O72.0,0.000107,167,8.822,8.822,21.997,90,90,120
Li1.1In0.1Hf1.9(PO4)3,6,Li6.6In0.6Hf11.4P18.0O72.0,5.13E-05,167,8.831,8.831,22.036,90,90,120
Li1.1Lu0.1Hf1.9(PO4)3,6,Li6.6Lu0.6Hf11.4P18.0O72.0,5.88E-05,167,8.839,8.839,22.046,90,90,120
Li1.1Sc0.1Hf1.9(PO4)3,6,Li6.6Sc0.6Hf11.4P18.0O72.0,2.45E-05,167,8.837,8.837,21.965,90,90,120
Li1.2Lu0.2Hf1.8(PO4)3,6,Li7.2Lu1.2Hf10.8P18.0O72.0,0.000129,167,8.836,8.836,21.997,90,90,120
Li1.3Cr0.3Hf1.7(PO4)3,6,Li7.8Cr1.8Hf10.2P18.0O72.0,5.26E-07,167,8.798,8.798,21.929,90,90,120
Li1.3Fe0.3Hf1.7(PO4)3,6,Li7.8Fe1.8Hf10.2P18.0O72.0,5.40E-05,167,8.809,8.809,21.889,90,90,120
Li1.3In0.3Hf1.7(PO4)3,6,Li7.8In1.8Hf10.2P18.0O72.0,0.000142,167,8.84,8.84,21.995,90,90,120
Li1.3Lu0.3Hf1.7(PO4)3,6,Li7.8Lu1.8Hf10.2P18.0O72.0,3.56E-05,167,8.843,8.843,21.995,90,90,120
Li1.3Sc0.3Hf1.7(PO4)3,6,Li7.8Sc1.8Hf10.2P18.0O72.0,8.32E-05,167,8.857,8.857,21.995,90,90,120
Li1.3Y0.3Hf1.7(PO4)3,6,Li7.8Y1.8Hf10.2P18.0O72.0,3.19E-05,167,8.835,8.835,21.957,90,90,120
Li1.4In0.4Hf1.6(PO4)3,6,Li8.4In2.4Hf9.6P18.0O72.0,0.000142,167,8.836,8.836,21.926,90,90,120
Li1.4Lu0.4Hf1.6(PO4)3,6,Li8.4Lu2.4Hf9.6P18.0O72.0,2.06E-05,167,8.877,8.877,21.946,90,90,120
Li1.4Y0.4Hf1.6(PO4)3,6,Li8.4Y2.4Hf9.6P18.0O72.0,2.09E-05,167,8.863,8.863,21.91,90,90,120
Li1.15Y0.15Zr1.85(PO4)3,6,Li6.9Y0.9Zr11.1P18.0O72.0,7.10E-05,167,8.8727,8.8727,22.1578,90,90,120
Li1.3Al0.2Y0.1Ti1.7(PO4)3,6,Li7.8Al1.2Y0.6Ti10.2P18.0O72.0,0.00012,167,8.5054,8.5054,20.8247,90,90,120
Li1.3Al0.1Y0.2Ti1.7(PO4)3,6,Li7.8Al0.6Y1.2Ti10.2P18.0O72.0,7.30E-05,167,8.5109,8.5109,20.8372,90,90,120
Li1.3Al0.15Y0.15Ti1.7(PO4)3,6,Li7.8Al0.9Y0.9Ti10.2P18.0O72.0,1.90E-05,167,8.5069,8.5069,20.8226,90,90,120
Li1.1Al0.1Ge1.9(PO4)3,6,Li6.6Al0.6Ge11.4P18.0O72.0,2.90E-06,167,8.262,8.262,20.44,90,90,120
Li1.3Al0.3Ge1.7(PO4)3,6,Li7.8Al1.8Ge10.2P18.0O72.0,3.90E-05,167,8.274,8.274,20.53,90,90,120
Li1.5Al0.5Ge1.5(PO4)3,6,Li9.0Al3.0Ge9.0P18.0O72.0,0.00028,167,8.25,8.25,20.56,90,90,120
Li1.6Al0.6Ge1.4(PO4)3,6,Li9.6Al3.6Ge8.4P18.0O72.0,0.00014,167,8.265,8.265,20.64,90,90,120
Li1.1Al0.1Ti1.9(PO4)3,6,Li6.6Al0.6Ti11.4P18.0O72.0,3.00E-05,167,8.508,8.508,20.855,90,90,120
Li1.3Al0.3Ti1.7(PO4)3,6,Li7.8Al1.8Ti10.2P18.0O72.0,3.75E-05,167,8.498,8.498,20.896,90,90,120
Li1.6Al0.6Ti1.4(PO4)3,6,Li9.6Al3.6Ti8.4P18.0O72.0,2.30E-05,167,8.479,8.479,20.981,90,90,120
Li1.5Al0.5Ti1.5(PO4)3,6,Li9.0Al3.0Ti9.0P18.0O72.0,1.10E-05,167,8.485,8.485,20.79,90,90,120
Li1.1Al0.1Ti1.9(PO4)3,6,Li6.6Al0.6Ti11.4P18.0O72.0,5.00E-06,167,8.508,8.508,20.72,90,90,120
Li1.2La0.2Ti1.8(PO4)3,6,Li7.2La1.2Ti10.8P18.0O72.0,0.000528,167,8.511,8.511,20.853,90,90,120
Li1.3La0.3Ti1.7(PO4)3,6,Li7.8La1.8Ti10.2P18.0O72.0,0.000528,167,8.512,8.512,20.854,90,90,120
Li1.8Cr0.8Ti1.2(PO4)3,6,Li10.8Cr4.8Ti7.2P18.0O72.0,0.00024,167,8.539,8.539,20.947,90,90,120
Li1.2Al1.1Ta0.9(PO4)3,6,Li7.2Al6.6Ta5.4P18.0O72.0,6.50E-07,167,8.513,8.513,21.229,90,90,120
LiAlTa(PO4)3,6,Li6.0Al6.0Ta6.0P18.0O72.0,6.50E-07,167,8.542,8.542,20.815,90,90,120
LiCrSb(PO4)3,6,Li6.0Cr6.0Sb6.0P18.0O72.0,3.57E-10,167,8.38,8.38,21.46,90,90,120
LiAlSb(PO4)3,6,Li6.0Al6.0Sb6.0P18.0O72.0,3.17E-08,167,8.24,8.24,21.13,90,90,120
LiFeSb(PO4)3,6,Li6.0Fe6.0Sb6.0P18.0O72.0,1.37E-06,167,8.44,8.44,21.48,90,90,120
Li3(NH2)2I,4,Li12.0N8.0H16.0I4.0,1.00E-05,186,7.09109,7.09109,11.50958,90,90,120
Li3N,1,Li3.0N1.0,0.0005767,191,3.648,3.648,3.875,90,90,120
Li3P,2,Li6.0P2.0,0.000703,194,4.273,4.273,7.594,90,90,120
Li3N,2,Li6.0N2.0,0.0002085,194,3.552,3.552,6.311,90,90,120
Li6BaLa2Nb2O12,8,Li48.0Ba8.0La16.0Nb16.0O96.0,6.00E-06,199,12.86,12.86,12.86,90,90,90
Li5La3Nb2O12,8,Li40.0La24.0Nb16.0O96.0,8.00E-06,199,12.762,12.762,12.762,90,90,90
Li6SrLa2Ta2O12,8,Li48.0Sr8.0La16.0Ta16.0O96.0,7.00E-06,199,12.808,12.808,12.808,90,90,90
Li5.5La3Nb1.75In0.25O12 ,8,Li44.0La24.0Nb14.0In2.0O96.0,2.40E-05,199,12.821,12.821,12.821,90,90,90
Li5.5La2.75K0.25Nb2O12 ,8,Li44.0La22.0K2.0Nb16.0O96.0,1.06E-05,199,12.7937,12.7937,12.7937,90,90,90
(K0.1Li0.9)(SbO3),4,K0.4Li3.6Sb4.0O12.0,1.36E-08,201,9.681,9.681,9.681,90,90,90
Li8GeP4,8,Li64.0Ge8.0P32.0,1.80E-05,205,11.80203,11.80203,11.80203,90,90,90
Li8SiP4,8,Li64.0Si8.0P32.0,4.50E-05,205,11.70737,11.70737,11.70737,90,90,90
Li3AlN2,16,Li48.0Al16.0N32.0,5.00E-08,206,9.47,9.47,9.47,90,90,90
(Li0.61Mg0.39)(Li0.46Mg0.005Ti0.035)Ti1.5O4,8,Li8.56Mg3.16Ti12.28O32.0,6.56E-10,212,8.3792,8.3792,8.3792,90,90,90
(Li0.55Mg0.45)(Li0.445Mg0.055)Ti1.5O4,8,Li7.96Mg4.04Ti12.0O32.0,1.53E-11,212,8.3806,8.3806,8.3806,90,90,90
Li6PO5Cl,4,Li24.0P4.0O20.0Cl4.0,1.00E-09,216,8.2971,8.2971,8.2971,90,90,90
Li2VCl4,4,Li8.0V4.0Cl16.0,6.95E-06,216,10.323,10.323,10.323,90,90,90
Li6PS5Cl0.25Br0.75,4,Li24.0P4.0S20.0Cl1.0Br3.0,0.00186,216,9.953,9.953,9.953,90,90,90
Li6PS5Cl,4,Li24.0P4.0S20.0Cl4.0,0.00205,216,9.898,9.898,9.898,90,90,90
Li6PS5Cl0.5Br0.5,4,Li24.0P4.0S20.0Cl2.0Br2.0,0.00333,216,9.952,9.952,9.952,90,90,90
Li6PS5Br,4,Li24.0P4.0S20.0Br4.0,0.00115,216,10.02,10.02,10.02,90,90,90
Li6PS5Br0.5I0.5,4,Li24.0P4.0S20.0Br2.0I2.0,2.62E-05,216,10.109,10.109,10.109,90,90,90
Li6PS5I,4,Li24.0P4.0S20.0I4.0,1.30E-06,216,10.181,10.181,10.181,90,90,90
Li6PS5Cl0.75Br0.25,4,Li24.0P4.0S20.0Cl3.0Br1.0,0.00226,216,9.8911,9.8911,9.8911,90,90,90
Li6PS5Br0.75I0.25,4,Li24.0P4.0S20.0Br3.0I1.0,0.000112,216,10.0336,10.0336,10.0336,90,90,90
Li6PS5Br0.25I0.75,4,Li24.0P4.0S20.0Br1.0I3.0,4.72E-06,216,10.1108,10.1108,10.1108,90,90,90
Li6PS5Br,4,Li24.0P4.0S20.0Br4.0,0.000701,216,9.9773,9.9773,9.9773,90,90,90
Li6.025P0.975Si0.025S5Br,4,Li24.1P3.9Si0.1S20.0Br4.0,0.000878,216,9.9819,9.9819,9.9819,90,90,90
Li6.05P0.95Si0.05S5Br,4,Li24.2P3.8Si0.2S20.0Br4.0,0.000437,216,9.9871,9.9871,9.9871,90,90,90
Li6.075P0.925Si0.075S5Br,4,Li24.3P3.7Si0.3S20.0Br4.0,0.000873,216,9.9938,9.9938,9.9938,90,90,90
Li6.1P0.95Si0.1S5Br,4,Li24.4P3.8Si0.4S20.0Br4.0,0.000799,216,10.0024,10.0024,10.0024,90,90,90
Li6.125P0.875Si0.125S5Br,4,Li24.5P3.5Si0.5S20.0Br4.0,0.000902,216,10.0098,10.0098,10.0098,90,90,90
Li6.175P0.825Si0.175S5Br,4,Li24.7P3.3Si0.7S20.0Br4.0,0.000931,216,10.0193,10.0193,10.0193,90,90,90
Li6.2P0.8Si0.2S5Br,4,Li24.8P3.2Si0.8S20.0Br4.0,0.00169,216,10.024,10.024,10.024,90,90,90
Li6.225P0.775Si0.225S5Br,4,Li24.9P3.1Si0.9S20.0Br4.0,0.00108,216,10.0315,10.0315,10.0315,90,90,90
Li6.25P0.75Si0.25S5Br,4,Li25.0P3.0Si1.0S20.0Br4.0,0.00141,216,10.0365,10.0365,10.0365,90,90,90
Li6.3P0.7Si0.3S5Br,4,Li25.2P2.8Si1.2S20.0Br4.0,0.00165,216,10.0521,10.0521,10.0521,90,90,90
Li6.35P0.65Si0.35S5Br,4,Li25.4P2.6Si1.4S20.0Br4.0,0.00234,216,10.0468,10.0468,10.0468,90,90,90
Li6.5P0.5Si0.5S5Br,4,Li26.0P2.0Si2.0S20.0Br4.0,0.00219,216,10.0521,10.0521,10.0521,90,90,90
Li7Ge3PS12,4,Li28.0Ge12.0P4.0S48.0,0.00011,216,9.80192,9.80192,9.80192,90,90,90
Li6PS5Cl,4,Li24.0P4.0S20.0Cl4.0,0.0013,216,9.8397,9.8397,9.8397,90,90,90
Li6PS5Br,4,Li24.0P4.0S20.0Br4.0,0.00277,216,9.988,9.988,9.988,90,90,90
Li6P(S4.9Se0.1)Br,4,Li24.0P4.0S19.6Se0.4Br4.0,0.0032,216,9.9902,9.9902,9.9902,90,90,90
Li6P(S4.8Se0.2)Br,4,Li24.0P4.0S19.2Se0.8Br4.0,0.00392,216,9.9946,9.9946,9.9946,90,90,90
Li6P(S4.7Se0.3)Br,4,Li24.0P4.0S18.8Se1.2Br4.0,0.00362,216,9.9974,9.9974,9.9974,90,90,90
Li6P(S4.6Se0.4)Br,4,Li24.0P4.0S18.4Se1.6Br4.0,0.00364,216,10.0079,10.0079,10.0079,90,90,90
Li6P(S4.5Se0.5)Br,4,Li24.0P4.0S18.0Se2.0Br4.0,0.00268,216,10.0176,10.0176,10.0176,90,90,90
Li6P(S4.4Se0.6)Br,4,Li24.0P4.0S17.6Se2.4Br4.0,0.00278,216,10.0259,10.0259,10.0259,90,90,90
Li6P(S4.3Se0.7)Br,4,Li24.0P4.0S17.2Se2.8Br4.0,0.00301,216,10.0265,10.0265,10.0265,90,90,90
Li6P(S4.2Se0.8)Br,4,Li24.0P4.0S16.8Se3.2Br4.0,0.00348,216,10.0332,10.0332,10.0332,90,90,90
Li6P(S4.1Se0.9)Br,4,Li24.0P4.0S16.4Se3.6Br4.0,0.00382,216,10.0418,10.0418,10.0418,90,90,90
Li6P(S4Se)Br,4,Li24.0P4.0S16.0Se4.0Br4.0,0.00361,216,10.0522,10.0522,10.0522,90,90,90
Li6PO5Cl,4,Li24.0P4.0O20.0Cl4.0,5.54E-10,216,8.2971,8.2971,8.2971,90,90,90
Li6PS5Br,4,Li24.0P4.0S20.0Br4.0,3.20E-05,216,9.98,9.98,9.98,90,90,90
Li6PS5Cl,4,Li24.0P4.0S20.0Cl4.0,3.30E-05,216,9.85,9.85,9.85,90,90,90
Li6PS5I,4,Li24.0P4.0S20.0I4.0,0.00022,216,10.142,10.142,10.142,90,90,90
Li6PS5I,4,Li24.0P4.0S20.0I4.0,1.74E-06,216,10.14516,10.14516,10.14516,90,90,90
Li6.1P0.90Ge0.1S5I,4,Li24.4P3.6Ge0.4S20.0I4.0,8.86E-06,216,10.16695,10.16695,10.16695,90,90,90
Li6.15P0.85Ge0.15S5I,4,Li24.6P3.4Ge0.6S20.0I4.0,3.93E-05,216,10.18054,10.18054,10.18054,90,90,90
Li6.2P0.8Ge0.2S5I,4,Li24.8P3.2Ge0.8S20.0I4.0,3.19E-05,216,10.18473,10.18473,10.18473,90,90,90
Li6.25P0.75Ge0.25S5I,4,Li25.0P3.0Ge1.0S20.0I4.0,0.00015,216,10.19307,10.19307,10.19307,90,90,90
Li6.3P0.7Ge0.3S5I,4,Li25.2P2.8Ge1.2S20.0I4.0,0.00065,216,10.20585,10.20585,10.20585,90,90,90
Li6.4P0.6Ge0.4S5I,4,Li25.6P2.4Ge1.6S20.0I4.0,0.0015,216,10.22972,10.22972,10.22972,90,90,90
Li6.5P0.5Ge0.5S5I,4,Li26.0P2.0Ge2.0S20.0I4.0,0.00186,216,10.24314,10.24314,10.24314,90,90,90
Li6.6P0.4Ge0.6S5I,4,Li26.4P1.6Ge2.4S20.0I4.0,0.00521,216,10.24314,10.24314,10.24314,90,90,90
Li6.7P0.3Ge0.7S5I,4,Li26.8P1.2Ge2.8S20.0I4.0,0.00554,216,10.2851,10.2851,10.2851,90,90,90
Li6.8P0.2Ge0.8S5I,4,Li27.2P0.8Ge3.2S20.0I4.0,0.00258,216,10.2998,10.2998,10.2998,90,90,90
Li6PO5Cl,4,Li24.0P4.0O20.0Cl4.0,1.00E-09,216,8.2234,8.2234,8.2234,90,90,90
Li6PS5I,4,Li24.0P4.0S20.0I4.0,4.60E-07,216,10.142,10.142,10.142,90,90,90
Li5PS5(BH4),4,Li20.0P4.0S20.0B4.0H16.0,0.0018,216,10.01,10.01,10.01,90,90,90
LiCe(BH4)3Cl,8,Li8.0Ce8.0B24.0H96.0Cl8.0,0.000103,217,11.72,11.72,11.72,90,90,90
Li8GeP4,8,Li64.0Ge8.0P32.0,8.60E-05,218,11.7831,11.7831,11.7831,90,90,90
Li4B7O12Cl,8,Li32.0B56.0O96.0Cl8.0,2.40E-05,219,12.167,12.167,12.167,90,90,90
Fe0.16La2.95Li5.68Zr2O12,8,Fe1.28La23.6Li45.44Zr16.0O96.0,0.000935,220,12.9783,12.9783,12.9783,90,90,90
Fe0.19La2.95Li5.57Zr2O12,8,Fe1.52La23.6Li44.56Zr16.0O96.0,0.00138,220,12.9769,12.9769,12.9769,90,90,90
Li3ClO,1,Li3.0Cl1.0O1.0,0.025,221,3.91,3.91,3.91,90,90,90
Li0.31La0.63(Ti0.9Co0.1)O3,1,Li0.31La0.63Ti0.9Co0.1O3.0,0.00026,221,3.8845,3.8845,3.8845,90,90,90
Li2(OH)0.9F0.1Cl,1,Li2.0O0.9H0.9F0.1Cl1.0,3.86E-05,221,3.91,3.91,3.91,90,90,90
Li2(OH)Br,1,Li2.0O1.0H1.0Br1.0,1.20E-06,221,4.056,4.056,4.056,90,90,90
(La0.55Li0.45)(Ti0.9Al0.1)O3,1,La0.55Li0.45Ti0.9Al0.1O3.0,0.00151,221,3.8697,3.8697,3.8697,90,90,90
(La0.6Li0.4)(Ti0.8Al0.2)O3,1,La0.6Li0.4Ti0.8Al0.2O3.0,0.000568,221,3.8617,3.8617,3.8617,90,90,90
(La0.65Li0.35)(Ti0.7Al0.3)O3,1,La0.65Li0.35Ti0.7Al0.3O3.0,0.000161,221,3.8594,3.8594,3.8594,90,90,90
(La0.7Li0.3)(Ti0.6Al0.4)O3,1,La0.7Li0.3Ti0.6Al0.4O3.0,1.04E-07,221,3.8472,3.8472,3.8472,90,90,90
Li0.375Sr0.4375Hf0.25Ta0.75O3,1,Li0.38Sr0.44Hf0.25Ta0.75O3.0,0.00038,221,3.992,3.992,3.992,90,90,90
La0.6Sr0.06Li0.06TiO3,1,La0.6Sr0.06Li0.06Ti1.0O3.0,1.13E-05,221,5.477,5.477,5.477,90,90,90
La0.56Sr0.1Li0.1TiO3,1,La0.56Sr0.1Li0.1Ti1.0O3.0,1.37E-05,221,5.481,5.481,5.481,90,90,90
La0.51Sr0.15Li0.15TiO3,1,La0.51Sr0.15Li0.15Ti1.0O3.0,5.30E-05,221,5.489,5.489,5.489,90,90,90
La0.41Sr0.25Li0.25TiO3,1,La0.41Sr0.25Li0.25Ti1.0O3.0,7.64E-05,221,5.495,5.495,5.495,90,90,90
La0.385Sr0.275Li0.275TiO3,1,La0.39Sr0.28Li0.28Ti1.0O3.0,6.04E-05,221,5.497,5.497,5.497,90,90,90
La0.36Sr0.3Li0.3TiO3,1,La0.36Sr0.3Li0.3Ti1.0O3.0,1.92E-05,221,5.499,5.499,5.499,90,90,90
La0.58Li0.27TiO3,1,La0.58Li0.27Ti1.0O3.0,0.000832,221,3.8771,3.8771,3.8771,90,90,90
La0.56Li0.33TiO3,1,La0.56Li0.33Ti1.0O3.0,0.0013,221,3.8751,3.8751,3.8751,90,90,90
La0.55Li0.36TiO3,1,La0.55Li0.36Ti1.0O3.0,0.00154,221,3.8738,3.8738,3.8738,90,90,90
La0.54Li0.39TiO3,1,La0.54Li0.39Ti1.0O3.0,0.00125,221,3.8726,3.8726,3.8726,90,90,90
La0.52Li0.45TiO3,1,La0.52Li0.45Ti1.0O3.0,0.000785,221,3.8723,3.8723,3.8723,90,90,90
La0.51Li0.34TiO2.94,1,La0.51Li0.34Ti1.0O2.94,7.00E-05,221,3.871,3.871,3.871,90,90,90
Li3OBr,1,Li3.0O1.0Br1.0,1.10E-06,221,4.05,4.05,4.05,90,90,90
Li3OBr,1,Li3.0O1.0Br1.0,1.06E-06,221,4.05,4.05,4.05,90,90,90
Li0.25La0.25TaO3,1,Li0.25La0.25Ta1.0O3.0,2.61E-05,221,3.9063,3.9063,3.9063,90,90,90
Li0.5Sr0.5Cr0.25Ta0.75O3,1,Li0.5Sr0.5Cr0.25Ta0.75O3.0,6.00E-05,221,3.9503,3.9503,3.9503,90,90,90
Li0.5Sr0.5Fe0.25Ta0.75O3,1,Li0.5Sr0.5Fe0.25Ta0.75O3.0,0.0001,221,3.9639,3.9639,3.9639,90,90,90
Li0.19La0.67(Ti0.9Co0.1)O3,4,Li0.76La2.68Ti3.6Co0.4O12.0,0.000108,225,7.7722,7.7722,7.7722,90,90,90
Li6NBr3,4,Li24.0N4.0Br12.0,1.00E-08,225,8.9334,8.9334,8.9334,90,90,90
Li(Li0.34Ti1.66)O4,8,Li10.72Ti13.28O32.0,6.03E-08,227,8.362,8.362,8.362,90,90,90
(Li0.916Mg0.084)(Li0.352Mg0.016Ti1.634)O4,8,Li10.14Mg0.8Ti13.07O32.0,1.73E-08,227,8.3649,8.3649,8.3649,90,90,90
(Li0.826Mg0.174)(Li0.374Mg0.026Ti1.60)O4,8,Li9.6Mg1.6Ti12.8O32.0,4.24E-09,227,8.3666,8.3666,8.3666,90,90,90
(Li0.74Mg0.26)(Li0.40Mg0.04Ti1.56)O4,8,Li9.12Mg2.4Ti12.48O32.0,1.51E-09,227,8.3703,8.3703,8.3703,90,90,90
Li2MnCl4,8,Li16.0Mn8.0Cl32.0,4.79E-06,227,10.481,10.481,10.481,90,90,90
Li2MgCl4,8,Li16.0Mg8.0Cl32.0,6.24E-07,227,10.416,10.416,10.416,90,90,90
Li1.9Mn0.9Ga0.1Cl4,8,Li15.2Mn7.2Ga0.8Cl32.0,2.37E-07,227,10.4881,10.4881,10.4881,90,90,90
Li1.65Mn0.65In0.35Cl4,8,Li13.2Mn5.2In2.8Cl32.0,9.90E-08,227,10.4696,10.4696,10.4696,90,90,90
LiCdCl4,8,Li8.0Cd8.0Cl32.0,5.80E-07,227,10.635,10.635,10.635,90,90,90
Li7La3Zr2O12,8,Li56.0La24.0Zr16.0O96.0,0.00012,230,12.972,12.972,12.972,90,90,90
Li6La2SrNb2O12,8,Li48.0La16.0Sr8.0Nb16.0O96.0,6.21E-07,230,12.83078,12.83078,12.83078,90,90,90
Li6SrLa2Nb2O12,8,Li48.0Sr8.0La16.0Nb16.0O96.0,4.20E-06,230,12.811,12.811,12.811,90,90,90
Li6CaLa2Nb2O12,8,Li48.0Ca8.0La16.0Nb16.0O96.0,1.60E-06,230,12.697,12.697,12.697,90,90,90
Li5.25Ba0.25La2.75Ta2O12,8,Li42.0Ba2.0La22.0Ta16.0O96.0,7.41E-06,230,12.957,12.957,12.957,90,90,90
Li5.5Ba0.5La2.5Ta2O12,8,Li44.0Ba4.0La20.0Ta16.0O96.0,1.41E-05,230,12.912,12.912,12.912,90,90,90
Li6.25Ba1.25La1.75Ta2O12,8,Li50.0Ba10.0La14.0Ta16.0O96.0,4.99E-05,230,12.806,12.806,12.806,90,90,90
Li6.5Ba1.5La1.5Ta2O12,8,Li52.0Ba12.0La12.0Ta16.0O96.0,3.08E-05,230,12.814,12.814,12.814,90,90,90
Li6.75Ba1.75La1.25Ta2O12,8,Li54.0Ba14.0La10.0Ta16.0O96.0,1.18E-05,230,12.819,12.819,12.819,90,90,90
Li7Ba2LaTa2O12,8,Li56.0Ba16.0La8.0Ta16.0O96.0,2.85E-06,230,12.834,12.834,12.834,90,90,90
Li5La3Ta2O12,8,Li40.0La24.0Ta16.0O96.0,6.61E-06,230,13.018,13.018,13.018,90,90,90
Li6BaLa2Ta2O12,8,Li48.0Ba8.0La16.0Ta16.0O96.0,2.95E-05,230,12.824,12.824,12.824,90,90,90
Li7La3Zr1.89Al0.15O12,8,Li56.0La24.0Zr15.12Al1.2O96.0,0.00034,230,13,13,13,90,90,90
Li7.06La3Y0.06Zr1.94O12,8,Li56.48La24.0Y0.48Zr15.52O96.0,0.00081,230,12.9672,12.9672,12.9672,90,90,90
Li6.25La3Zr2Ga0.25O12,8,Li50.0La24.0Zr16.0Ga2.0O96.0,0.00035,230,12.971,12.971,12.971,90,90,90
Li6.8La3Zr1.8Ta0.2O12,8,Li54.4La24.0Zr14.4Ta1.6O96.0,0.00028,230,12.964,12.964,12.964,90,90,90
Li6.6La3Zr1.6Ta0.4O12,8,Li52.8La24.0Zr12.8Ta3.2O96.0,0.00073,230,12.948,12.948,12.948,90,90,90
Li6.5La3Zr1.5Ta0.5O12,8,Li52.0La24.0Zr12.0Ta4.0O96.0,0.00092,230,12.945,12.945,12.945,90,90,90
Li6.4La3Zr1.4Ta0.6O12,8,Li51.2La24.0Zr11.2Ta4.8O96.0,0.001,230,12.922,12.922,12.922,90,90,90
Li6.2La3Zr1.2Ta0.8O12,8,Li49.6La24.0Zr9.6Ta6.4O96.0,0.00032,230,12.908,12.908,12.908,90,90,90
Li6La3ZrTaO12,8,Li48.0La24.0Zr8.0Ta8.0O96.0,0.00016,230,12.892,12.892,12.892,90,90,90
Li6.8La3Zr1.8Ta0.2O12,8,Li54.4La24.0Zr14.4Ta1.6O96.0,0.00073,230,12.978,12.978,12.978,90,90,90
Li6.75La3Zr1.75Ta0.25O12,8,Li54.0La24.0Zr14.0Ta2.0O96.0,0.00063,230,12.9801,12.9801,12.9801,90,90,90
Li6.65La3Zr1.65Ta0.35O12,8,Li53.2La24.0Zr13.2Ta2.8O96.0,0.00046,230,12.9591,12.9591,12.9591,90,90,90
Li6.6La3Zr1.6Ta0.4O12,8,Li52.8La24.0Zr12.8Ta3.2O96.0,0.00047,230,12.947,12.947,12.947,90,90,90
Li6.55La3Zr1.55Ta0.45O12,8,Li52.4La24.0Zr12.4Ta3.6O96.0,0.0004,230,12.9489,12.9489,12.9489,90,90,90
Li6La3ZrTaO12,8,Li48.0La24.0Zr8.0Ta8.0O96.0,0.00035,230,12.89,12.89,12.89,90,90,90
Li5La3Ta2O12,8,Li40.0La24.0Ta16.0O96.0,3.40E-05,230,12.8311,12.8311,12.8311,90,90,90
Li6.7La3Zr1.7Ta0.3O12,8,Li53.6La24.0Zr13.6Ta2.4O96.0,0.00069,230,12.9721,12.9721,12.9721,90,90,90
Li6.5La3Zr1.5Ta0.5O12,8,Li52.0La24.0Zr12.0Ta4.0O96.0,0.00028,230,12.9187,12.9187,12.9187,90,90,90
Li6.05Ga0.25La3Zr2O11.8F0.2,8,Li48.4Ga2.0La24.0Zr16.0O94.4F1.6,0.00128,230,12.96891,12.96891,12.96891,90,90,90
Li5.72Al0.26La3Zr1.5W0.25O12,8,Li45.76Al2.08La24.0Zr12.0W2.0O96.0,0.00049,230,12.954,12.954,12.954,90,90,90
Li6.8La3Zr1.9Mo0.1O12,8,Li54.4La24.0Zr15.2Mo0.8O96.0,8.00E-05,230,12.9697,12.9697,12.9697,90,90,90
Li6.6La3Zr1.8Mo0.2O12,8,Li52.8La24.0Zr14.4Mo1.6O96.0,0.000311,230,12.969,12.969,12.969,90,90,90
Li6.4La3Zr1.7Mo0.3O12,8,Li51.2La24.0Zr13.6Mo2.4O96.0,0.000369,230,12.9552,12.9552,12.9552,90,90,90
Li6.2La3Zr1.6Mo0.4O12,8,Li49.6La24.0Zr12.8Mo3.2O96.0,0.00034,230,12.9532,12.9532,12.9532,90,90,90
Li6.5La3Zr1.75Mo0.25O12,8,Li52.0La24.0Zr14.0Mo2.0O96.0,0.000333,230,12.9607,12.9607,12.9607,90,90,90
Li6.75La3Zr1.875Te0.125O12,8,Li54.0La24.0Zr15.0Te1.0O96.0,0.00033,230,12.9469,12.9469,12.9469,90,90,90
Li6.5La3Zr1.75Te0.25O12,8,Li52.0La24.0Zr14.0Te2.0O96.0,0.00102,230,12.9134,12.9134,12.9134,90,90,90
Li5La3Bi2O12,8,Li40.0La24.0Bi16.0O96.0,1.90E-05,230,13.0652,13.0652,13.0652,90,90,90
Li6La2SrBi2O12,8,Li48.0La16.0Sr8.0Bi16.0O96.0,2.00E-05,230,13.0893,13.0893,13.0893,90,90,90
Li5Nd3Sb2O12,8,Li40.0Nd24.0Sb16.0O96.0,1.30E-07,230,12.66238,12.66238,12.66238,90,90,90
Li4Nd3TeSbO12,8,Li32.0Nd24.0Te8.0Sb8.0O96.0,8.70E-09,230,12.62138,12.62138,12.62138,90,90,90
Li5La3Sb2O12,8,Li40.0La24.0Sb16.0O96.0,7.80E-06,230,12.8566,12.8566,12.8566,90,90,90
Li6SrLa2Sb2O12,8,Li48.0Sr8.0La16.0Sb16.0O96.0,6.30E-06,230,12.8933,12.8933,12.8933,90,90,90
Li6(La2Ca)(NbO6)2,8,Li48.0La16.0Ca8.0Nb16.0O96.0,1.33E-06,230,12.72185,12.72185,12.72185,90,90,90
Li6(La2Sr)(NbO6)2,8,Li48.0La16.0Sr8.0Nb16.0O96.0,3.69E-06,230,12.83078,12.83078,12.83078,90,90,90
Li6CaLa2Ta2O12,8,Li48.0Ca8.0La16.0Ta16.0O96.0,2.20E-06,230,12.725,12.725,12.725,90,90,90
Li6BaLa2Ta2O12,8,Li48.0Ba8.0La16.0Ta16.0O96.0,1.30E-05,230,13.001,13.001,13.001,90,90,90
Li6.15La3Zr1.75Ta0.25Ga0.2O12,8,Li49.2La24.0Zr14.0Ta2.0Ga1.6O96.0,0.00041,230,12.95,12.95,12.95,90,90,90
Li6.15La3Zr1.75Ta0.25Al0.2O12,8,Li49.2La24.0Zr14.0Ta2.0Al1.6O96.0,0.00037,230,12.95,12.95,12.95,90,90,90
Li6.75La3Zr1.75Ta0.25O12,8,Li54.0La24.0Zr14.0Ta2.0O96.0,0.00087,230,12.96,12.96,12.96,90,90,90
Li7La3Zr2O12,8,Li56.0La24.0Zr16.0O96.0,1.97E-06,230,12.9727,12.9727,12.9727,90,90,90
Li6BaLa2Ta2O12,8,Li48.0Ba8.0La16.0Ta16.0O96.0,1.69E-05,230,12.995,12.995,12.995,90,90,90
Nd3Zr2Al0.5Li5.5O12,8,Nd24.0Zr16.0Al4.0Li44.0O96.0,3.90E-05,230,12.8158,12.8158,12.8158,90,90,90
(Li6.26Al0.24)La3Zr2O12,8,Li50.08Al1.92La24.0Zr16.0O96.0,0.00021,230,12.96328,12.96328,12.96328,90,90,90
Li6La3Nb1.5Y0.5O12,8,Li48.0La24.0Nb12.0Y4.0O96.0,0.000188,230,12.9136,12.9136,12.9136,90,90,90
Li5.2La3Nb1.9Y0.1O12,8,Li41.6La24.0Nb15.2Y0.8O96.0,6.39E-05,230,12.8216,12.8216,12.8216,90,90,90
Li5.4La3Nb1.8Y0.2O12,8,Li43.2La24.0Nb14.4Y1.6O96.0,6.74E-05,230,12.8306,12.8306,12.8306,90,90,90
Li5.5La3Nb1.75Y0.25O12,8,Li44.0La24.0Nb14.0Y2.0O96.0,9.18E-05,230,12.8582,12.8582,12.8582,90,90,90
Li6.5La3Nb1.25Y0.75O12,8,Li52.0La24.0Nb10.0Y6.0O96.0,0.000343,230,12.9488,12.9488,12.9488,90,90,90
Li6Ba0.5Sr0.5La2Ta2O12,8,Li48.0Ba4.0Sr4.0La16.0Ta16.0O96.0,7.10E-06,230,12.92046,12.92046,12.92046,90,90,90
Li6SrLa2Ta2O12,8,Li48.0Sr8.0La16.0Ta16.0O96.0,5.40E-06,230,12.846394,12.846394,12.846394,90,90,90
Li6BaLa2Ta2O12,8,Li48.0Ba8.0La16.0Ta16.0O96.0,1.50E-05,230,13.011211,13.011211,13.011211,90,90,90
Li6CaLa2Ta2O12,8,Li48.0Ca8.0La16.0Ta16.0O96.0,2.20E-06,230,12.72383,12.72383,12.72383,90,90,90
Li6BaLa2Ta2O12,8,Li48.0Ba8.0La16.0Ta16.0O96.0,4.00E-05,230,12.946,12.946,12.946,90,90,90
Li6SrLa2Ta2O12,8,Li48.0Sr8.0La16.0Ta16.0O96.0,7.00E-06,230,12.808,12.808,12.808,90,90,90
Li5.74La3Zr1.5Ta0.5O12,8,Li45.92La24.0Zr12.0Ta4.0O96.0,0.000903,230,12.93,12.93,12.93,90,90,90
La3Li5.08Ta1.51Zr0.39O12,8,La24.0Li40.64Ta12.08Zr3.12O96.0,0.000103,230,12.84,12.84,12.84,90,90,90
Li51.2Al1.6La24Zr16O96,8,Li409.6Al12.8La192.0Zr128.0O768.0,0.000254,230,12.959,12.959,12.959,90,90,90
Li49.6Al1.6La24Zr14.4Ta1.6O96,8,Li396.8Al12.8La192.0Zr115.2Ta12.8O768.0,0.000614,230,12.958,12.958,12.958,90,90,90
Li5La3Ta2O12,8,Li40.0La24.0Ta16.0O96.0,1.59E-05,230,12.8176,12.8176,12.8176,90,90,90
Li5.3La3Ta1.85Sm0.15O12,8,Li42.4La24.0Ta14.8Sm1.2O96.0,7.11E-06,230,12.8108,12.8108,12.8108,90,90,90
Li5.5La3Ta1.75Sm0.25O12,8,Li44.0La24.0Ta14.0Sm2.0O96.0,5.17E-06,230,12.8206,12.8206,12.8206,90,90,90
Li5.70La3Ta1.65Sm0.35O12,8,Li45.6La24.0Ta13.2Sm2.8O96.0,2.15E-05,230,12.8309,12.8309,12.8309,90,90,90
Li5.90La3Ta1.55Sm0.45O12,8,Li47.2La24.0Ta12.4Sm3.6O96.0,1.18E-05,230,12.846,12.846,12.846,90,90,90
Li6.10La3Ta1.45Sm0.55O12,8,Li48.8La24.0Ta11.6Sm4.4O96.0,1.40E-05,230,12.8525,12.8525,12.8525,90,90,90
Li7La3Zr2O12,8,Li56.0La24.0Zr16.0O96.0,0.000569,230,12.9682,12.9682,12.9682,90,90,90
Li5La3Nb2O12,8,Li40.0La24.0Nb16.0O96.0,0.000532,230,12.718,12.718,12.718,90,90,90
Li5La3Nb1.95Y0.05O12,8,Li40.0La24.0Nb15.6Y0.4O96.0,1.34E-05,230,12.717,12.717,12.717,90,90,90
Li5La3Nb1.9Y0.1O12,8,Li40.0La24.0Nb15.2Y0.8O96.0,1.44E-05,230,12.717,12.717,12.717,90,90,90
Li5La3Nb1.85Y0.15O12,8,Li40.0La24.0Nb14.8Y1.2O96.0,5.71E-06,230,12.732,12.732,12.732,90,90,90
Li5La3Nb1.8Y0.2O12,8,Li40.0La24.0Nb14.4Y1.6O96.0,9.13E-06,230,12.743,12.743,12.743,90,90,90
Li5La3Nb1.75Y0.25O12,8,Li40.0La24.0Nb14.0Y2.0O96.0,9.68E-06,230,12.717,12.717,12.717,90,90,90
La3Zr2Ga0.5Li5.5O12,8,La24.0Zr16.0Ga4.0Li44.0O96.0,0.0001,230,12.9697,12.9697,12.9697,90,90,90
Li6.8La3Zr1.8Sb0.2O12,8,Li54.4La24.0Zr14.4Sb1.6O96.0,5.90E-05,230,12.97545,12.97545,12.97545,90,90,90
Li6.6La3Zr1.6Sb0.4O12,8,Li52.8La24.0Zr12.8Sb3.2O96.0,0.00077,230,12.95955,12.95955,12.95955,90,90,90
Li6.4La3Zr1.4Sb0.6O12,8,Li51.2La24.0Zr11.2Sb4.8O96.0,0.00066,230,12.95179,12.95179,12.95179,90,90,90
Li6.2La3Zr1.2Sb0.8O12,8,Li49.6La24.0Zr9.6Sb6.4O96.0,0.00045,230,12.92484,12.92484,12.92484,90,90,90
Li6La3ZrSbO12,8,Li48.0La24.0Zr8.0Sb8.0O96.0,0.00026,230,12.9237,12.9237,12.9237,90,90,90
Li7La3Hf2O12,8,Li56.0La24.0Hf16.0O96.0,0.00024,230,12.938,12.938,12.938,90,90,90
Li6.6La3Zr1.6Ta0.4O12,8,Li52.8La24.0Zr12.8Ta3.2O96.0,0.000313,230,12.9594,12.9594,12.9594,90,90,90
Li6.6La2.875Y0.125Zr1.6Ta0.4O12,8,Li52.8La23.0Y1.0Zr12.8Ta3.2O96.0,0.000317,230,12.9572,12.9572,12.9572,90,90,90
Li6.6La2.75Y0.25Zr1.6Ta0.4O12,8,Li52.8La22.0Y2.0Zr12.8Ta3.2O96.0,0.000436,230,12.9506,12.9506,12.9506,90,90,90
Li6.6La2.5Y0.5Zr1.6Ta0.4O12,8,Li52.8La20.0Y4.0Zr12.8Ta3.2O96.0,0.000226,230,12.9479,12.9479,12.9479,90,90,90
Li7La3Zr2O12,8,Li56.0La24.0Zr16.0O96.0,0.000511,230,12.968,12.968,12.968,90,90,90
 Li6.4Al0.19La3Zr2O11.8,8,Li51.2Al1.52La24.0Zr16.0O94.4,0.00031,230,12.972,12.972,12.972,90,90,90
Li7.06La3Zr1.94Y0.06O12,8,Li56.48La24.0Zr15.52Y0.48O96.0,0.000956,230,12.9672,12.9672,12.9672,90,90,90
Li6BaLa2Ta2O12 ,8,Li48.0Ba8.0La16.0Ta16.0O96.0,1.30E-05,230,13.001,13.001,13.001,90,90,90
Li5La3Ta2O12,8,Li40.0La24.0Ta16.0O96.0,1.54E-06,230,12.85,12.85,12.85,90,90,90
Li5La3Bi2O12,8,Li40.0La24.0Bi16.0O96.0,2.20E-05,230,13.052,13.052,13.052,90,90,90
Li6.75La3Zr1.75Nb0.25O12 ,8,Li54.0La24.0Zr14.0Nb2.0O96.0,0.0008,230,12.9519,12.9519,12.9519,90,90,90
Li6.25La3Zr2Ga0.25O12,8,Li50.0La24.0Zr16.0Ga2.0O96.0,0.00035,230,12.971,12.971,12.971,90,90,90
Li6.5La3Nb1.25Y0.75O12 ,8,Li52.0La24.0Nb10.0Y6.0O96.0,0.00027,230,12.9488,12.9488,12.9488,90,90,90
Li6.5La3Zr1.5Ta0.5O12 ,8,Li52.0La24.0Zr12.0Ta4.0O96.0,0.00092,230,12.945,12.945,12.945,90,90,90
Li6.6La3Zr1.6Ta0.4O12 ,8,Li52.8La24.0Zr12.8Ta3.2O96.0,0.00073,230,12.948,12.948,12.948,90,90,90
Li6.2La3Zr1.2Ta0.8O12 ,8,Li49.6La24.0Zr9.6Ta6.4O96.0,0.00032,230,12.908,12.908,12.908,90,90,90
Li6.8La3Zr1.8Ta0.2O12 ,8,Li54.4La24.0Zr14.4Ta1.6O96.0,0.00028,230,12.964,12.964,12.964,90,90,90
Li6La3ZrTaO12 ,8,Li48.0La24.0Zr8.0Ta8.0O96.0,0.00016,230,12.891,12.891,12.891,90,90,90
Li6.75La3Zr1.75Ta0.25O12 ,8,Li54.0La24.0Zr14.0Ta2.0O96.0,0.00063,230,12.9801,12.9801,12.9801,90,90,90
Li5.4La3Nb1.8Y0.75O12,8,Li43.2La24.0Nb14.4Y6.0O96.0,2.51E-05,230,12.9488,12.9488,12.9488,90,90,90
Li6La2CaNb2O12,8,Li48.0La16.0Ca8.0Nb16.0O96.0,2.11E-06,230,12.72185,12.72185,12.72185,90,90,90
Li5La3Sb2O12,8,Li40.0La24.0Sb16.0O96.0,2.06E-06,230,12.84665,12.84665,12.84665,90,90,90
Li6.5La3Zr1.5Ta0.5O12,8,Li52.0La24.0Zr12.0Ta4.0O96.0,0.000794,230,12.954,12.954,12.954,90,90,90
Li6.5La2.95Ba0.05Zr1.45Ta0.55O12,8,Li52.0La23.6Ba0.4Zr11.6Ta4.4O96.0,0.000832,230,12.949,12.949,12.949,90,90,90
Li6.5La2.9Ba0.1Zr1.4Ta0.6O12,8,Li52.0La23.2Ba0.8Zr11.2Ta4.8O96.0,0.000834,230,12.944,12.944,12.944,90,90,90
Li6.5La2.8Ba0.2Zr1.3Ta0.7O12,8,Li52.0La22.4Ba1.6Zr10.4Ta5.6O96.0,0.000631,230,12.952,12.952,12.952,90,90,90
Li6.5La2.7Ba0.3Zr1.2Ta0.8O12,8,Li52.0La21.6Ba2.4Zr9.6Ta6.4O96.0,0.000492,230,12.964,12.964,12.964,90,90,90
Li7La3Ta2O13,8,Li56.0La24.0Ta16.0O104.0,2.65E-06,230,12.82,12.82,12.82,90,90,90